timestamp,open,high,low,close
1784851260,1877.36,1877.44,1875.62,1876.28
1784851320,1876.29,1878.08,1876.29,1876.59
1784851380,1876.59,1877.14,1875.44,1875.96
1784851440,1875.96,1875.97,1875.21,1875.53
1784851500,1875.57,1875.76,1873.54,1873.79
1784851560,1873.8,1875.9,1873.7,1875.9
1784851620,1875.93,1875.93,1874.05,1874.05
1784851680,1873.92,1874.05,1873.38,1873.38
1784851740,1873.36,1873.65,1873.08,1873.34
1784851800,1873.35,1874.19,1872.51,1872.78
1784851860,1872.78,1872.78,1870.69,1872.44
1784851920,1872.44,1874.1,1872.08,1874.1
1784851980,1874.19,1874.71,1873.37,1874.66
1784852040,1874.52,1874.52,1873.4,1873.4
1784852100,1873.38,1874.08,1873.3,1873.67
1784852160,1873.67,1874.08,1873.44,1873.87
1784852220,1873.88,1874.54,1872.83,1873.13
1784852280,1872.91,1874.4,1872.19,1874.4
1784852340,1874.46,1874.5,1872.41,1872.53
1784852400,1872.53,1873.83,1871.93,1873.83
1784852460,1873.88,1874.48,1873.88,1874.07
1784852520,1874.07,1874.83,1873.79,1874.83
1784852580,1874.85,1876.42,1874.68,1876.2
1784852640,1876.13,1876.39,1875.3,1875.3
1784852700,1875.2,1875.2,1873.22,1873.22
1784852760,1873.22,1874.51,1872.91,1873.9
1784852820,1873.8,1873.8,1872.17,1872.17
1784852880,1872.17,1872.17,1871.11,1871.42
1784852940,1871.42,1871.42,1869.86,1870.37
1784853000,1870.37,1871.09,1869.42,1869.42
1784853060,1869.42,1870.09,1868.84,1869.04
1784853120,1869.15,1869.81,1861.45,1862.79
1784853180,1862.79,1864.68,1858.34,1864.68
1784853240,1864.55,1865.99,1864.11,1865.88
1784853300,1865.82,1866.77,1865.1,1866.63
1784853360,1866.7,1868.37,1866.7,1867.9
1784853420,1867.86,1867.86,1866.57,1866.58
1784853480,1866.57,1866.57,1862.79,1863.2
1784853540,1863.25,1865.74,1863.25,1864.04
1784853600,1864.03,1864.26,1861.91,1863.11
1784853660,1863.11,1864.36,1860.84,1861.05
1784853720,1861.06,1864.81,1861.06,1864.3
1784853780,1864.28,1865.56,1864.22,1865.09
1784853840,1865.09,1865.61,1864.75,1864.75
1784853900,1864.74,1867.29,1864.73,1867.05
1784853960,1867.05,1868.04,1867.04,1867.1
1784854020,1867.09,1868.08,1866.16,1867.61
1784854080,1867.62,1867.72,1866.73,1866.89
1784854140,1866.88,1867.35,1866.2,1866.91
1784854200,1866.91,1867.9,1865.81,1867.9
1784854260,1867.9,1868.41,1867.18,1868.11
1784854320,1868.1,1868.18,1867.31,1867.76
1784854380,1867.75,1868.04,1867.43,1867.7
1784854440,1867.7,1867.7,1866.98,1867.0
1784854500,1866.98,1867.24,1865.78,1867.24
1784854560,1867.25,1868.13,1867.25,1868.13
1784854620,1868.13,1869.92,1867.5,1868.41
1784854680,1868.45,1869.79,1868.45,1869.61
1784854740,1869.62,1870.19,1869.46,1870.19
1784854800,1870.19,1870.52,1869.27,1869.83
1784854860,1869.83,1871.04,1869.64,1871.04
1784854920,1871.05,1871.56,1870.0,1870.0
1784854980,1869.97,1870.49,1869.23,1870.49
1784855040,1870.38,1873.24,1870.38,1872.96
1784855100,1872.97,1875.59,1872.97,1873.71
1784855160,1873.71,1874.34,1872.7,1873.4
1784855220,1873.35,1874.77,1872.86,1873.16
1784855280,1873.15,1873.79,1873.09,1873.78
1784855340,1873.78,1874.96,1873.59,1874.1
1784855400,1874.0,1874.53,1873.69,1873.69
1784855460,1873.62,1873.62,1872.55,1872.55
1784855520,1872.55,1873.63,1871.78,1873.63
1784855580,1873.67,1873.67,1873.03,1873.56
1784855640,1873.55,1873.55,1872.6,1872.6
1784855700,1872.54,1872.54,1871.36,1871.66
1784855760,1871.65,1873.25,1871.18,1871.33
1784855820,1871.37,1872.28,1870.78,1872.28
1784855880,1872.16,1872.24,1870.83,1870.94
1784855940,1870.84,1872.45,1870.84,1872.45
1784856000,1872.44,1872.44,1871.4,1871.85
1784856060,1871.85,1871.96,1870.52,1870.52
1784856120,1870.52,1871.08,1870.52,1870.89
1784856180,1870.96,1871.5,1870.96,1871.46
1784856240,1871.45,1871.9,1871.11,1871.9
1784856300,1871.92,1873.62,1871.92,1873.54
1784856360,1873.54,1875.28,1873.54,1875.09
1784856420,1875.09,1876.37,1874.6,1875.48
1784856480,1875.43,1875.43,1874.53,1874.53
1784856540,1874.52,1874.99,1872.2,1872.2
1784856600,1872.2,1873.03,1871.71,1871.81
1784856660,1871.81,1873.06,1871.3,1871.3
1784856720,1871.22,1871.85,1871.22,1871.51
1784856780,1871.59,1874.6,1871.59,1874.6
1784856840,1874.8,1875.05,1874.16,1874.16
1784856900,1874.28,1874.51,1873.29,1874.1
1784856960,1874.2,1874.6,1874.0,1874.23
1784857020,1874.23,1875.5,1874.23,1874.92
1784857080,1874.92,1876.0,1874.81,1876.0
1784857140,1875.99,1876.28,1874.7,1874.7
1784857200,1874.6,1875.73,1874.31,1875.04
1784857260,1875.05,1875.9,1874.73,1875.9
1784857320,1875.95,1876.36,1874.96,1875.18
1784857380,1875.18,1875.68,1875.18,1875.68
1784857440,1875.69,1876.01,1874.76,1874.82
1784857500,1874.82,1875.19,1873.85,1873.98
1784857560,1873.98,1874.69,1873.98,1874.43
1784857620,1874.43,1875.3,1874.2,1875.3
1784857680,1875.39,1875.39,1874.71,1875.11
1784857740,1875.11,1875.17,1874.05,1874.06
1784857800,1874.05,1874.05,1872.67,1872.86
1784857860,1872.86,1873.7,1872.7,1873.23
1784857920,1873.23,1874.1,1872.41,1874.09
1784857980,1874.1,1874.7,1873.31,1874.7
1784858040,1874.7,1875.57,1874.61,1874.8
1784858100,1874.7,1874.7,1873.3,1873.3
1784858160,1873.26,1873.26,1872.51,1872.58
1784858220,1872.51,1872.6,1871.9,1871.9
1784858280,1871.8,1871.99,1871.5,1871.99
1784858340,1872.0,1872.2,1871.51,1871.51
1784858400,1871.52,1872.44,1871.52,1872.44
1784858460,1872.43,1873.79,1872.43,1873.27
1784858520,1873.27,1873.27,1872.24,1873.23
1784858580,1873.23,1873.98,1873.07,1873.46
1784858640,1873.59,1873.59,1871.64,1871.64
1784858700,1871.64,1871.64,1870.87,1871.1
1784858760,1871.1,1871.8,1871.0,1871.79
1784858820,1871.8,1872.26,1870.98,1872.26
1784858880,1872.25,1873.27,1872.22,1873.0
1784858940,1873.09,1873.69,1872.92,1873.69
1784859000,1873.69,1874.47,1873.46,1873.91
1784859060,1873.9,1874.99,1873.62,1874.99
1784859120,1874.99,1875.93,1874.99,1875.93
1784859180,1875.93,1877.22,1875.93,1876.69
1784859240,1876.65,1876.65,1875.9,1875.9
1784859300,1875.89,1876.02,1875.13,1875.13
1784859360,1875.13,1875.58,1873.27,1873.27
1784859420,1873.27,1874.11,1872.91,1873.32
1784859480,1873.39,1873.82,1872.83,1873.19
1784859540,1873.19,1873.58,1872.96,1873.26
1784859600,1873.25,1873.25,1872.46,1872.46
1784859660,1872.46,1872.8,1870.74,1872.1
1784859720,1872.16,1872.5,1872.04,1872.5
1784859780,1872.51,1873.14,1872.51,1873.14
1784859840,1873.2,1875.55,1873.2,1875.11
1784859900,1875.04,1875.46,1874.45,1875.45
1784859960,1875.45,1875.8,1875.13,1875.4
1784860020,1875.33,1875.33,1874.7,1875.3
1784860080,1875.35,1875.38,1874.4,1874.4
1784860140,1874.35,1874.76,1873.86,1874.73
1784860200,1874.71,1874.71,1873.74,1874.04
1784860260,1874.01,1874.01,1873.0,1873.01
1784860320,1873.01,1873.35,1871.98,1871.98
1784860380,1871.97,1871.97,1868.83,1868.83
1784860440,1868.83,1868.83,1866.93,1867.13
1784860500,1867.15,1867.6,1865.81,1867.4
1784860560,1867.43,1867.46,1865.98,1866.0
1784860620,1866.0,1867.8,1866.0,1867.8
1784860680,1867.79,1868.55,1867.48,1867.92
1784860740,1867.91,1867.91,1866.81,1867.67
1784860800,1867.67,1870.4,1867.67,1869.5
1784860860,1869.4,1869.62,1868.92,1869.4
1784860920,1869.36,1869.96,1869.1,1869.11
1784860980,1869.1,1869.5,1869.02,1869.5
1784861040,1869.57,1869.83,1869.3,1869.3
1784861100,1869.22,1869.78,1868.81,1869.4
1784861160,1869.3,1869.82,1868.7,1868.7
1784861220,1868.6,1868.79,1864.26,1864.26
1784861280,1864.26,1865.34,1863.49,1864.3
1784861340,1864.4,1865.69,1864.24,1865.33
1784861400,1865.33,1865.4,1864.07,1865.32
1784861460,1865.32,1866.2,1865.01,1866.2
1784861520,1866.2,1866.8,1865.41,1865.7
1784861580,1865.63,1865.63,1864.54,1864.54
1784861640,1864.51,1865.0,1864.21,1865.0
1784861700,1865.0,1866.24,1865.0,1865.73
1784861760,1865.73,1866.2,1865.4,1865.4
1784861820,1865.41,1865.95,1865.41,1865.95
1784861880,1865.95,1867.69,1865.95,1867.26
1784861940,1867.26,1868.22,1867.26,1868.22
1784862000,1868.22,1868.77,1866.82,1867.73
1784862060,1867.59,1868.98,1867.59,1868.68
1784862120,1868.61,1869.5,1868.61,1869.5
1784862180,1869.6,1871.4,1869.6,1871.33
1784862240,1871.33,1872.39,1871.33,1871.73
1784862300,1871.72,1873.24,1871.72,1873.19
1784862360,1872.95,1873.56,1872.73,1873.47
1784862420,1873.48,1875.19,1872.46,1874.94
1784862480,1874.85,1876.13,1874.77,1874.77
1784862540,1874.77,1874.77,1873.36,1873.79
1784862600,1873.8,1873.9,1873.16,1873.79
1784862660,1873.69,1873.81,1872.87,1873.81
1784862720,1873.81,1874.45,1873.79,1874.45
1784862780,1874.49,1875.0,1874.1,1874.35
1784862840,1874.35,1874.76,1874.35,1874.7
1784862900,1874.69,1877.2,1874.69,1876.64
1784862960,1876.47,1876.59,1876.11,1876.11
1784863020,1876.11,1876.9,1875.32,1876.75
1784863080,1876.7,1877.7,1876.7,1877.28
1784863140,1877.27,1877.6,1876.01,1876.45
1784863200,1876.44,1877.59,1875.76,1877.59
1784863260,1877.6,1878.29,1877.4,1878.09
1784863320,1878.06,1878.86,1877.63,1878.25
1784863380,1878.2,1878.2,1876.8,1876.83
1784863440,1876.84,1877.55,1876.74,1876.74
1784863500,1876.74,1877.7,1876.37,1877.7
1784863560,1877.7,1878.9,1877.21,1878.0
1784863620,1877.98,1879.95,1877.82,1877.95
1784863680,1877.96,1878.5,1877.83,1878.49
1784863740,1878.44,1878.44,1877.09,1877.63
1784863800,1877.7,1878.6,1877.7,1878.31
1784863860,1878.31,1879.41,1878.25,1878.95
1784863920,1878.95,1878.95,1877.8,1877.8
1784863980,1877.8,1877.8,1876.5,1876.63
1784864040,1876.62,1877.3,1876.51,1877.3
1784864100,1877.36,1877.42,1876.88,1877.26
1784864160,1877.26,1877.43,1877.06,1877.43
1784864220,1877.43,1877.43,1876.85,1877.32
1784864280,1877.32,1878.2,1877.32,1878.0
1784864340,1878.06,1878.83,1877.55,1877.55
1784864400,1877.55,1878.37,1877.33,1878.2
1784864460,1878.3,1878.48,1877.4,1877.4
1784864520,1877.4,1877.93,1877.34,1877.91
1784864580,1877.91,1878.45,1877.9,1878.45
1784864640,1878.44,1879.79,1878.28,1879.79
1784864700,1879.79,1879.83,1878.86,1879.1
1784864760,1879.09,1879.09,1878.24,1878.25
1784864820,1878.26,1878.34,1878.24,1878.34
1784864880,1878.35,1879.39,1878.35,1879.31
1784864940,1879.31,1879.89,1879.19,1879.77
1784865000,1879.76,1879.76,1878.61,1879.43
1784865060,1879.39,1879.45,1879.1,1879.22
1784865120,1879.21,1879.84,1879.21,1879.54
1784865180,1879.54,1879.6,1878.61,1878.85
1784865240,1878.85,1878.95,1878.62,1878.94
1784865300,1878.94,1878.94,1878.78,1878.91
1784865360,1878.91,1879.79,1878.91,1879.79
1784865420,1879.79,1879.79,1879.64,1879.65
1784865480,1879.65,1879.65,1879.64,1879.65
1784865540,1879.64,1879.64,1879.29,1879.33
1784865600,1879.33,1880.0,1878.41,1878.41
1784865660,1878.41,1879.08,1878.41,1879.08
1784865720,1879.08,1879.09,1879.08,1879.09
1784865780,1879.09,1879.09,1878.5,1878.85
1784865840,1878.85,1878.85,1878.44,1878.77
1784865900,1878.78,1879.47,1878.67,1879.05
1784865960,1879.0,1879.16,1878.5,1878.81
1784866020,1878.81,1879.62,1878.8,1879.54
1784866080,1879.54,1879.54,1878.59,1878.74
1784866140,1878.75,1878.75,1878.34,1878.7
1784866200,1878.74,1878.74,1877.92,1877.92
1784866260,1877.92,1878.2,1877.92,1878.2
1784866320,1878.21,1878.65,1878.16,1878.21
1784866380,1878.21,1878.57,1877.97,1878.1
1784866440,1878.11,1878.31,1877.8,1877.8
1784866500,1877.8,1877.8,1877.0,1877.0
1784866560,1876.96,1877.4,1876.83,1876.84
1784866620,1876.84,1877.21,1876.84,1877.2
1784866680,1877.21,1877.77,1877.21,1877.61
1784866740,1877.55,1877.9,1877.34,1877.9
1784866800,1877.96,1877.96,1876.89,1876.89
1784866860,1876.84,1876.88,1876.3,1876.88
1784866920,1876.88,1877.88,1876.88,1877.88
1784866980,1877.88,1880.69,1877.88,1880.59
1784867040,1880.59,1880.69,1879.31,1879.41
1784867100,1879.41,1879.6,1879.28,1879.6
1784867160,1879.67,1879.67,1878.4,1878.4
1784867220,1878.37,1879.51,1878.37,1879.1
1784867280,1879.15,1879.15,1879.05,1879.05
1784867340,1879.05,1879.05,1878.91,1878.91
1784867400,1878.9,1878.9,1878.06,1878.31
1784867460,1878.32,1878.87,1878.32,1878.86
1784867520,1878.83,1879.03,1878.83,1879.0
1784867580,1879.0,1879.74,1879.0,1879.3
1784867640,1879.28,1879.28,1878.21,1878.48
1784867700,1878.43,1878.43,1877.3,1877.3
1784867760,1877.21,1878.33,1877.21,1877.82
1784867820,1877.96,1878.19,1876.91,1876.91
1784867880,1876.92,1876.92,1876.37,1876.47
1784867940,1876.5,1876.62,1876.12,1876.12
1784868000,1876.11,1876.11,1875.12,1875.12
1784868060,1875.12,1875.3,1874.33,1874.33
1784868120,1874.3,1874.51,1873.87,1874.5
1784868180,1874.5,1875.53,1874.5,1875.23
1784868240,1875.22,1875.49,1875.17,1875.49
1784868300,1875.49,1875.61,1874.76,1875.61
1784868360,1875.65,1876.07,1875.0,1875.0
1784868420,1875.01,1875.39,1875.0,1875.0
1784868480,1874.97,1874.97,1874.75,1874.75
1784868540,1874.74,1875.04,1874.74,1875.04
1784868600,1875.09,1875.7,1874.88,1874.88
1784868660,1874.88,1874.91,1874.78,1874.9
1784868720,1874.91,1875.1,1874.9,1875.1
1784868780,1875.15,1875.44,1875.15,1875.26
1784868840,1875.33,1875.92,1875.33,1875.5
1784868900,1875.41,1875.41,1875.0,1875.0
1784868960,1874.97,1874.97,1874.46,1874.46
1784869020,1874.46,1874.46,1873.8,1874.46
1784869080,1874.46,1874.46,1873.68,1873.69
1784869140,1873.69,1874.95,1873.69,1874.95
1784869200,1874.95,1874.95,1873.7,1873.7
1784869260,1873.69,1873.69,1873.08,1873.22
1784869320,1873.14,1874.59,1872.19,1874.32
1784869380,1874.32,1874.34,1873.86,1874.1
1784869440,1874.1,1875.22,1873.93,1874.18
1784869500,1874.18,1874.8,1874.13,1874.8
1784869560,1874.89,1877.2,1874.89,1876.93
1784869620,1876.93,1879.8,1876.93,1879.59
1784869680,1879.59,1880.31,1878.28,1880.0
1784869740,1879.91,1880.02,1879.2,1879.2
1784869800,1879.18,1879.18,1878.19,1878.19
1784869860,1878.18,1878.5,1877.97,1878.49
1784869920,1878.49,1878.52,1878.33,1878.52
1784869980,1878.52,1878.89,1878.52,1878.67
1784870040,1878.67,1878.67,1878.6,1878.6
1784870100,1878.59,1878.6,1878.38,1878.38
1784870160,1878.39,1878.57,1878.39,1878.57
1784870220,1878.56,1879.72,1878.56,1879.72
1784870280,1879.65,1879.84,1879.44,1879.7
1784870340,1879.72,1879.84,1879.55,1879.84
1784870400,1879.83,1879.83,1879.51,1879.51
1784870460,1879.5,1880.29,1879.09,1879.35
1784870520,1879.35,1879.39,1878.61,1878.99
1784870580,1878.99,1879.19,1878.88,1878.9
1784870640,1878.9,1879.0,1878.63,1879.0
1784870700,1878.99,1878.99,1878.6,1878.61
1784870760,1878.61,1879.27,1878.61,1878.94
1784870820,1878.95,1878.95,1878.8,1878.8
1784870880,1878.73,1878.81,1878.73,1878.8
1784870940,1878.8,1878.81,1878.8,1878.81
1784871000,1878.81,1878.81,1878.61,1878.61
1784871060,1878.6,1878.6,1878.5,1878.5
1784871120,1878.5,1878.51,1878.3,1878.3
1784871180,1878.21,1878.29,1878.21,1878.22
1784871240,1878.23,1878.59,1878.23,1878.59
1784871300,1878.6,1878.92,1878.36,1878.36
1784871360,1878.36,1878.75,1878.28,1878.75
1784871420,1878.75,1879.35,1878.75,1879.18
1784871480,1879.18,1879.18,1878.41,1878.61
1784871540,1878.61,1878.62,1878.45,1878.45
1784871600,1878.45,1878.45,1878.36,1878.39
1784871660,1878.39,1878.4,1878.39,1878.4
1784871720,1878.4,1878.4,1876.25,1878.14
1784871780,1878.2,1878.56,1878.19,1878.2
1784871840,1878.25,1879.88,1878.25,1879.58
1784871900,1879.55,1880.5,1879.55,1880.31
1784871960,1880.31,1880.31,1879.88,1879.88
1784872020,1879.87,1880.51,1879.87,1880.51
1784872080,1880.51,1880.94,1879.99,1879.99
1784872140,1879.94,1879.94,1879.15,1879.15
1784872200,1879.15,1879.5,1878.36,1878.36
1784872260,1878.37,1878.92,1878.37,1878.79
1784872320,1878.79,1878.79,1878.52,1878.52
1784872380,1878.53,1878.53,1878.26,1878.26
1784872440,1878.26,1880.25,1877.59,1880.03
1784872500,1880.03,1880.03,1879.73,1879.73
1784872560,1879.73,1879.73,1879.62,1879.71
1784872620,1879.7,1879.78,1879.54,1879.67
1784872680,1879.66,1879.66,1879.54,1879.55
1784872740,1879.54,1879.7,1879.46,1879.7
1784872800,1879.69,1879.69,1879.31,1879.62
1784872860,1879.62,1880.26,1879.53,1879.61
1784872920,1879.55,1879.55,1879.4,1879.44
1784872980,1879.56,1879.75,1879.45,1879.46
1784873040,1879.44,1880.2,1879.43,1880.2
1784873100,1880.26,1880.26,1879.54,1879.54
1784873160,1879.53,1879.53,1879.5,1879.51
1784873220,1879.5,1879.5,1879.41,1879.42
1784873280,1879.41,1880.59,1877.3,1880.53
1784873340,1880.53,1880.9,1880.34,1880.6
1784873400,1880.6,1881.31,1880.14,1880.2
1784873460,1880.14,1880.39,1879.72,1879.84
1784873520,1879.95,1880.68,1879.79,1880.68
1784873580,1880.67,1880.67,1879.8,1880.26
1784873640,1880.26,1880.62,1880.0,1880.45
1784873700,1880.59,1880.59,1879.94,1879.99
1784873760,1880.15,1880.89,1879.82,1880.86
1784873820,1880.81,1880.97,1880.32,1880.33
1784873880,1880.32,1880.45,1880.07,1880.45
1784873940,1880.45,1884.63,1880.45,1884.4
1784874000,1884.39,1884.55,1883.11,1883.33
1784874060,1883.33,1884.0,1883.22,1884.0
1784874120,1884.02,1884.39,1882.41,1882.9
1784874180,1882.86,1883.09,1882.07,1882.8
1784874240,1882.89,1883.7,1882.8,1883.7
1784874300,1883.78,1885.55,1883.76,1884.49
1784874360,1884.49,1884.49,1883.22,1883.65
1784874420,1883.64,1884.07,1882.8,1882.8
1784874480,1882.74,1882.92,1882.45,1882.54
1784874540,1882.53,1883.26,1882.32,1883.0
1784874600,1883.1,1883.1,1881.18,1881.18
1784874660,1881.41,1883.15,1881.41,1883.1
1784874720,1883.17,1883.25,1882.47,1882.47
1784874780,1882.47,1883.11,1882.26,1883.06
1784874840,1882.91,1884.14,1882.91,1884.14
1784874900,1884.15,1885.19,1884.15,1884.88
1784874960,1884.88,1886.36,1884.84,1885.77
1784875020,1885.71,1886.65,1885.14,1886.65
1784875080,1886.65,1886.76,1885.95,1886.4
1784875140,1886.4,1886.63,1886.19,1886.19
1784875200,1886.19,1886.19,1885.74,1886.19
1784875260,1886.19,1886.19,1885.33,1885.85
1784875320,1885.78,1885.78,1885.55,1885.55
1784875380,1885.55,1885.55,1885.48,1885.48
1784875440,1885.48,1885.95,1885.24,1885.24
1784875500,1885.25,1885.25,1884.36,1884.39
1784875560,1884.36,1885.4,1884.3,1885.4
1784875620,1885.4,1885.87,1885.4,1885.87
1784875680,1885.78,1885.85,1885.58,1885.82
1784875740,1885.83,1886.14,1884.58,1884.59
1784875800,1884.59,1885.6,1884.59,1885.15
1784875860,1885.15,1885.28,1884.78,1884.79
1784875920,1884.78,1885.6,1884.78,1885.6
1784875980,1885.59,1885.59,1885.14,1885.25
1784876040,1885.26,1885.88,1885.26,1885.88
1784876100,1885.87,1885.87,1885.26,1885.27
1784876160,1885.27,1886.13,1885.03,1885.59
1784876220,1885.59,1885.89,1885.41,1885.88
1784876280,1885.89,1886.6,1885.89,1886.59
1784876340,1886.6,1887.17,1886.59,1886.85
1784876400,1886.85,1888.19,1886.85,1887.48
1784876460,1887.41,1887.76,1887.12,1887.57
1784876520,1887.57,1891.4,1887.57,1891.39
1784876580,1891.4,1892.13,1890.36,1890.75
1784876640,1890.74,1890.75,1889.19,1889.2
1784876700,1889.21,1890.05,1889.21,1889.98
1784876760,1889.98,1891.25,1889.97,1890.36
1784876820,1890.29,1890.64,1889.99,1890.63
1784876880,1890.66,1892.24,1890.66,1891.79
1784876940,1891.79,1894.42,1891.79,1894.33
1784877000,1894.33,1905.48,1894.33,1902.53
1784877060,1902.53,1906.49,1902.53,1903.76
1784877120,1903.7,1907.54,1903.63,1905.93
1784877180,1905.94,1908.56,1905.28,1907.9
1784877240,1907.91,1907.99,1906.62,1907.5
1784877300,1907.49,1907.49,1902.92,1903.49
1784877360,1903.49,1905.87,1903.48,1904.6
1784877420,1904.58,1904.58,1901.58,1902.55
1784877480,1902.48,1902.93,1901.79,1901.88
1784877540,1901.8,1902.45,1901.1,1902.45
1784877600,1902.33,1903.09,1901.53,1901.72
1784877660,1901.72,1901.74,1901.14,1901.35
1784877720,1901.5,1902.55,1901.3,1901.61
1784877780,1901.61,1901.69,1897.35,1897.35
1784877840,1897.36,1897.45,1895.24,1897.02
1784877900,1897.02,1897.66,1895.97,1896.56
1784877960,1896.57,1897.74,1896.57,1897.48
1784878020,1897.48,1897.48,1896.65,1897.24
1784878080,1897.28,1897.28,1896.28,1896.39
1784878140,1896.46,1896.95,1896.34,1896.66
1784878200,1896.66,1897.06,1895.76,1896.39
1784878260,1896.42,1899.16,1896.42,1898.37
1784878320,1898.37,1900.53,1898.1,1900.53
1784878380,1900.52,1900.52,1898.24,1898.24
1784878440,1898.24,1898.24,1895.11,1895.7
1784878500,1895.82,1895.98,1893.44,1894.32
1784878560,1894.32,1894.54,1891.73,1894.02
1784878620,1893.96,1894.5,1893.4,1894.5
1784878680,1894.5,1895.11,1894.26,1894.76
1784878740,1894.76,1895.22,1893.89,1893.99
1784878800,1893.87,1893.87,1890.88,1891.37
1784878860,1891.37,1891.37,1888.71,1889.03
1784878920,1889.03,1889.81,1887.3,1888.38
1784878980,1888.45,1889.15,1887.76,1888.29
1784879040,1888.38,1889.81,1888.38,1889.8
1784879100,1889.8,1891.17,1889.65,1890.89
1784879160,1890.88,1891.7,1890.88,1891.57
1784879220,1891.57,1892.74,1891.48,1892.74
1784879280,1892.74,1893.72,1892.74,1893.4
1784879340,1893.41,1893.82,1893.4,1893.82
1784879400,1893.82,1893.83,1892.05,1892.26
1784879460,1892.26,1893.57,1892.26,1893.57
1784879520,1893.56,1894.32,1893.06,1893.06
1784879580,1892.99,1893.83,1892.98,1893.82
1784879640,1893.82,1895.11,1893.82,1894.98
1784879700,1894.98,1895.42,1894.98,1895.1
1784879760,1895.09,1895.51,1894.89,1895.42
1784879820,1895.41,1895.41,1894.47,1894.69
1784879880,1894.69,1894.69,1894.65,1894.65
1784879940,1894.65,1894.79,1894.65,1894.79
1784880000,1894.81,1894.94,1894.51,1894.51
1784880060,1894.5,1894.91,1894.08,1894.57
1784880120,1894.57,1894.57,1892.87,1893.05
1784880180,1892.89,1892.97,1891.19,1891.31
1784880240,1891.31,1892.27,1890.91,1891.98
1784880300,1892.02,1892.72,1891.36,1892.72
1784880360,1892.72,1892.72,1892.18,1892.18
1784880420,1892.19,1892.52,1891.78,1892.52
1784880480,1892.58,1893.62,1892.58,1893.62
1784880540,1893.62,1894.67,1893.62,1894.46
1784880600,1894.43,1894.59,1893.61,1894.04
1784880660,1894.04,1894.04,1892.1,1892.78
1784880720,1892.77,1892.77,1891.82,1892.02
1784880780,1891.95,1892.69,1891.83,1892.5
1784880840,1892.49,1893.24,1892.41,1892.42
1784880900,1892.41,1892.95,1891.62,1891.62
1784880960,1891.73,1892.79,1891.73,1892.79
1784881020,1892.78,1893.22,1892.6,1892.6
1784881080,1892.61,1893.14,1891.65,1891.65
1784881140,1891.62,1891.62,1891.15,1891.22
1784881200,1891.22,1891.69,1890.74,1890.74
1784881260,1890.75,1890.75,1889.4,1889.41
1784881320,1889.49,1889.88,1888.49,1888.49
1784881380,1888.49,1888.5,1887.47,1887.81
1784881440,1887.8,1887.8,1886.85,1886.85
1784881500,1886.85,1887.04,1885.15,1885.87
1784881560,1885.82,1887.65,1885.68,1887.46
1784881620,1887.46,1888.35,1887.46,1888.32
1784881680,1888.32,1888.36,1888.31,1888.31
1784881740,1888.16,1889.1,1888.15,1888.92
1784881800,1888.93,1889.76,1888.93,1889.41
1784881860,1889.41,1890.53,1889.41,1890.43
1784881920,1890.43,1890.77,1889.84,1890.51
1784881980,1890.48,1890.48,1890.01,1890.31
1784882040,1890.36,1890.36,1890.31,1890.32
1784882100,1890.31,1890.31,1889.37,1889.37
1784882160,1889.33,1889.73,1888.66,1889.73
1784882220,1889.81,1890.68,1889.48,1890.66
1784882280,1890.56,1890.96,1890.56,1890.96
1784882340,1890.96,1891.33,1890.81,1890.95
1784882400,1890.96,1891.15,1890.96,1891.07
1784882460,1891.07,1891.18,1890.63,1890.99
1784882520,1891.01,1891.28,1890.86,1890.97
1784882580,1890.98,1891.1,1890.72,1890.99
1784882640,1891.03,1891.56,1891.03,1891.55
1784882700,1891.55,1891.55,1890.86,1890.86
1784882760,1890.86,1890.86,1890.21,1890.21
1784882820,1890.21,1890.63,1890.21,1890.29
1784882880,1890.28,1890.28,1889.97,1889.97
1784882940,1889.98,1890.64,1889.98,1890.64
1784883000,1890.64,1890.64,1890.0,1890.0
1784883060,1889.94,1889.94,1888.73,1888.83
1784883120,1888.83,1888.83,1888.59,1888.59
1784883180,1888.6,1888.93,1887.93,1887.93
1784883240,1887.88,1888.39,1887.68,1888.03
1784883300,1888.02,1888.1,1888.01,1888.01
1784883360,1888.02,1888.19,1887.47,1887.47
1784883420,1887.74,1888.32,1887.61,1888.32
1784883480,1888.32,1888.33,1887.3,1887.3
1784883540,1887.21,1887.21,1886.77,1887.0
1784883600,1887.0,1887.42,1886.98,1887.42
1784883660,1887.43,1887.64,1886.59,1887.64
1784883720,1887.65,1887.86,1887.14,1887.81
1784883780,1887.8,1887.8,1887.4,1887.78
1784883840,1887.78,1887.78,1885.38,1885.76
1784883900,1885.76,1885.96,1883.98,1884.41
1784883960,1884.41,1885.21,1883.31,1883.31
1784884020,1883.32,1884.58,1881.45,1882.48
1784884080,1882.48,1883.75,1882.33,1883.42
1784884140,1883.43,1884.42,1883.43,1884.33
1784884200,1884.3,1884.3,1882.76,1883.61
1784884260,1883.57,1883.86,1882.56,1883.77
1784884320,1883.76,1883.86,1883.1,1883.34
1784884380,1883.38,1883.62,1883.26,1883.31
1784884440,1883.31,1883.31,1880.98,1881.55
1784884500,1881.55,1882.11,1877.28,1878.59
1784884560,1878.59,1880.82,1878.59,1880.82
1784884620,1880.81,1881.11,1880.24,1880.8
1784884680,1880.8,1880.8,1880.23,1880.6
1784884740,1880.59,1880.9,1879.21,1880.8
1784884800,1880.8,1881.97,1880.8,1880.97
1784884860,1880.91,1881.22,1880.46,1880.8
1784884920,1880.76,1880.86,1879.49,1880.05
1784884980,1880.06,1881.64,1880.06,1881.34
1784885040,1881.35,1881.35,1880.37,1880.37
1784885100,1880.36,1882.48,1880.36,1882.34
1784885160,1882.35,1882.98,1882.35,1882.35
1784885220,1882.33,1882.33,1881.9,1881.9
1784885280,1881.86,1881.97,1881.27,1881.54
1784885340,1881.54,1882.04,1881.35,1881.42
1784885400,1881.43,1882.07,1881.35,1881.97
1784885460,1881.92,1881.92,1880.87,1881.27
1784885520,1881.28,1882.65,1881.28,1881.46
1784885580,1881.46,1881.65,1881.08,1881.65
1784885640,1881.5,1881.63,1880.57,1881.63
1784885700,1881.65,1882.76,1881.65,1881.98
1784885760,1881.98,1883.17,1881.98,1883.17
1784885820,1883.18,1883.61,1882.72,1883.61
1784885880,1883.63,1883.89,1882.46,1882.46
1784885940,1882.46,1883.89,1882.45,1883.89
1784886000,1883.88,1885.66,1883.88,1885.05
1784886060,1885.02,1885.1,1884.19,1884.31
1784886120,1884.31,1885.13,1884.31,1884.76
1784886180,1884.72,1885.09,1884.65,1884.85
1784886240,1884.81,1885.04,1884.5,1884.5
1784886300,1884.5,1885.14,1884.49,1885.14
1784886360,1885.22,1886.67,1885.22,1886.42
1784886420,1886.41,1886.41,1885.12,1885.19
1784886480,1885.2,1885.2,1884.49,1884.54
1784886540,1884.54,1884.8,1884.22,1884.22
1784886600,1884.22,1884.73,1883.94,1884.73
1784886660,1884.73,1886.06,1884.73,1885.85
1784886720,1885.85,1887.11,1885.85,1887.03
1784886780,1887.03,1887.29,1886.76,1887.07
1784886840,1887.07,1887.44,1887.07,1887.12
1784886900,1887.08,1887.21,1886.83,1887.21
1784886960,1887.23,1887.23,1886.61,1886.85
1784887020,1886.9,1886.9,1886.11,1886.53
1784887080,1886.37,1886.44,1886.36,1886.36
1784887140,1886.36,1886.76,1885.91,1886.76
1784887200,1886.78,1887.39,1885.91,1887.19
1784887260,1887.18,1887.18,1885.7,1885.71
1784887320,1885.87,1886.32,1885.49,1886.22
1784887380,1886.31,1886.72,1885.51,1886.14
1784887440,1886.15,1886.74,1885.94,1886.22
1784887500,1886.18,1886.18,1885.21,1885.21
1784887560,1885.22,1885.71,1885.11,1885.11
1784887620,1885.11,1885.71,1885.05,1885.05
1784887680,1885.0,1885.0,1884.57,1884.62
1784887740,1884.61,1884.61,1884.02,1884.03
1784887800,1884.03,1884.87,1884.03,1884.71
1784887860,1884.71,1884.71,1884.28,1884.28
1784887920,1884.24,1884.24,1882.33,1882.9
1784887980,1882.89,1882.89,1881.61,1881.62
1784888040,1881.61,1882.59,1881.5,1882.12
1784888100,1882.08,1883.34,1881.75,1883.33
1784888160,1883.34,1883.34,1882.65,1882.89
1784888220,1882.9,1882.9,1881.28,1881.34
1784888280,1881.39,1881.82,1881.27,1881.27
1784888340,1881.27,1881.43,1880.87,1881.36
1784888400,1881.37,1882.27,1881.0,1882.02
1784888460,1882.01,1882.95,1881.58,1882.91
1784888520,1882.95,1884.03,1882.95,1883.93
1784888580,1883.93,1884.87,1883.83,1884.75
1784888640,1884.75,1884.75,1883.99,1883.99
1784888700,1883.98,1883.98,1883.09,1883.61
1784888760,1883.61,1884.82,1883.61,1884.55
1784888820,1884.56,1884.6,1884.12,1884.6
1784888880,1884.65,1884.87,1884.64,1884.87
1784888940,1884.94,1884.94,1883.97,1884.04
1784889000,1884.04,1885.24,1884.04,1884.56
1784889060,1884.4,1885.27,1884.4,1885.11
1784889120,1885.21,1885.23,1884.78,1884.96
1784889180,1884.97,1885.52,1884.87,1884.87
1784889240,1884.73,1884.95,1883.88,1883.88
1784889300,1883.84,1883.97,1883.05,1883.97
1784889360,1883.97,1884.84,1883.97,1884.84
1784889420,1884.9,1885.07,1884.89,1885.06
1784889480,1885.06,1885.42,1884.73,1885.42
1784889540,1885.42,1885.42,1883.68,1883.68
1784889600,1883.68,1883.68,1882.92,1882.92
1784889660,1882.9,1884.23,1882.9,1884.22
1784889720,1884.21,1884.24,1884.21,1884.23
1784889780,1884.23,1884.23,1883.55,1883.76
1784889840,1883.76,1883.91,1883.05,1883.05
1784889900,1883.05,1883.41,1882.25,1882.89
1784889960,1882.94,1883.8,1882.94,1883.77
1784890020,1883.66,1883.8,1883.61,1883.75
1784890080,1883.75,1884.03,1883.44,1884.03
1784890140,1884.03,1884.03,1883.49,1883.71
1784890200,1883.7,1883.7,1882.68,1882.73
1784890260,1882.8,1883.81,1882.43,1882.43
1784890320,1882.42,1882.42,1881.6,1881.87
1784890380,1881.87,1881.87,1879.92,1880.15
1784890440,1880.25,1880.94,1879.17,1880.52
1784890500,1880.5,1881.84,1880.29,1881.83
1784890560,1881.83,1882.33,1881.7,1882.33
1784890620,1882.32,1882.32,1881.79,1881.79
1784890680,1881.79,1882.49,1881.79,1882.49
1784890740,1882.53,1882.67,1882.25,1882.66
1784890800,1882.66,1882.79,1880.58,1881.0
1784890860,1881.01,1881.36,1880.74,1880.88
1784890920,1880.85,1881.62,1880.29,1881.42
1784890980,1881.42,1882.43,1881.25,1882.43
1784891040,1882.43,1882.43,1881.33,1881.72
1784891100,1881.78,1883.15,1881.78,1883.15
1784891160,1883.15,1883.15,1882.1,1882.51
1784891220,1882.51,1883.1,1882.34,1882.34
1784891280,1882.34,1882.4,1881.75,1881.75
1784891340,1881.75,1881.75,1880.04,1880.16
1784891400,1880.15,1880.15,1878.78,1879.19
1784891460,1879.2,1880.37,1879.19,1880.28
1784891520,1880.36,1881.35,1880.36,1881.35
1784891580,1881.35,1881.82,1881.35,1881.82
1784891640,1881.82,1881.82,1880.04,1880.04
1784891700,1879.97,1882.12,1879.97,1882.12
1784891760,1882.16,1882.16,1881.39,1881.65
1784891820,1881.68,1882.7,1881.68,1882.25
1784891880,1882.25,1882.25,1881.91,1882.24
1784891940,1882.24,1882.37,1881.74,1882.07
1784892000,1882.07,1882.07,1881.78,1881.78
1784892060,1881.79,1882.73,1881.79,1882.4
1784892120,1882.4,1882.89,1882.4,1882.89
1784892180,1882.88,1882.88,1881.39,1881.67
1784892240,1881.68,1882.08,1881.52,1881.87
1784892300,1881.87,1881.88,1879.92,1879.92
1784892360,1879.95,1880.79,1879.95,1880.78
1784892420,1880.78,1881.0,1880.33,1880.59
1784892480,1880.52,1880.52,1880.25,1880.25
1784892540,1880.25,1880.28,1879.86,1880.28
1784892600,1880.29,1880.91,1879.45,1879.45
1784892660,1879.46,1880.87,1879.01,1879.25
1784892720,1879.16,1880.28,1877.42,1880.28
1784892780,1880.51,1880.96,1879.92,1879.92
1784892840,1879.93,1880.52,1879.28,1879.52
1784892900,1879.52,1879.55,1878.7,1878.7
1784892960,1878.7,1879.68,1878.21,1879.68
1784893020,1879.73,1879.73,1878.73,1879.1
1784893080,1879.11,1879.68,1878.82,1879.08
1784893140,1878.98,1880.11,1878.5,1879.71
1784893200,1879.71,1879.71,1878.6,1878.6
1784893260,1878.61,1879.33,1878.61,1879.33
1784893320,1879.33,1879.4,1878.84,1878.84
1784893380,1878.73,1879.42,1878.26,1878.75
1784893440,1878.76,1879.04,1877.33,1877.48
1784893500,1877.57,1878.11,1877.41,1877.41
1784893560,1877.42,1877.42,1875.37,1876.44
1784893620,1876.44,1877.24,1876.23,1876.32
1784893680,1876.32,1876.55,1875.23,1876.5
1784893740,1876.54,1877.76,1876.31,1877.76
1784893800,1877.88,1878.71,1877.87,1878.71
1784893860,1878.71,1878.82,1878.37,1878.65
1784893920,1878.65,1879.07,1878.64,1878.69
1784893980,1878.68,1880.03,1878.61,1879.97
1784894040,1879.94,1882.44,1879.93,1881.95
1784894100,1881.95,1881.95,1880.83,1880.83
1784894160,1880.83,1881.71,1880.72,1881.16
1784894220,1881.13,1881.7,1880.88,1880.88
1784894280,1880.76,1883.4,1880.61,1883.4
1784894340,1883.41,1883.41,1882.38,1882.68
1784894400,1882.69,1882.69,1881.6,1881.64
1784894460,1881.63,1882.08,1881.1,1881.88
1784894520,1881.88,1882.14,1880.72,1881.2
1784894580,1881.2,1881.68,1880.41,1880.41
1784894640,1880.4,1880.99,1880.4,1880.87
1784894700,1880.87,1881.13,1880.28,1880.64
1784894760,1880.63,1882.22,1880.63,1882.08
1784894820,1882.05,1882.05,1881.41,1881.42
1784894880,1881.41,1881.41,1880.86,1881.38
1784894940,1881.38,1883.64,1881.38,1883.64
1784895000,1883.63,1883.73,1882.41,1882.42
1784895060,1882.41,1883.13,1882.09,1883.13
1784895120,1883.13,1883.13,1882.41,1882.57
1784895180,1882.57,1882.58,1882.32,1882.32
1784895240,1882.28,1882.67,1882.28,1882.52
1784895300,1882.53,1882.81,1881.9,1881.91
1784895360,1881.91,1882.32,1881.73,1882.32
1784895420,1882.33,1883.05,1882.33,1882.78
1784895480,1882.78,1882.78,1882.2,1882.2
1784895540,1882.21,1882.35,1881.7,1881.71
1784895600,1881.7,1881.7,1881.14,1881.14
1784895660,1881.13,1882.16,1881.13,1881.69
1784895720,1881.78,1883.1,1881.78,1882.67
1784895780,1882.66,1883.64,1882.66,1883.35
1784895840,1883.35,1884.47,1883.35,1884.4
1784895900,1884.39,1884.39,1881.55,1883.47
1784895960,1883.48,1884.46,1883.48,1884.46
1784896020,1884.46,1884.71,1883.84,1883.84
1784896080,1883.83,1884.08,1882.53,1882.53
1784896140,1882.53,1882.68,1881.47,1881.48
1784896200,1881.48,1882.4,1881.08,1882.4
1784896260,1882.39,1882.39,1881.56,1882.13
1784896320,1882.14,1882.97,1882.13,1882.97
1784896380,1882.97,1883.1,1882.67,1882.67
1784896440,1882.67,1882.67,1879.69,1879.85
1784896500,1879.84,1880.16,1879.31,1880.16
1784896560,1880.18,1880.18,1878.93,1879.12
1784896620,1879.16,1880.9,1879.16,1880.64
1784896680,1880.63,1880.96,1880.21,1880.37
1784896740,1880.37,1881.18,1880.37,1880.68
1784896800,1880.67,1880.67,1879.64,1879.83
1784896860,1879.87,1879.87,1878.67,1878.67
1784896920,1878.67,1878.67,1877.52,1877.53
1784896980,1877.52,1877.85,1877.06,1877.84
1784897040,1877.76,1877.76,1876.57,1876.73
1784897100,1876.72,1877.98,1876.72,1877.59
1784897160,1877.59,1877.6,1875.7,1876.02
1784897220,1876.02,1876.02,1872.3,1875.63
1784897280,1875.81,1876.25,1873.55,1873.79
1784897340,1873.8,1874.61,1872.85,1874.3
1784897400,1874.29,1875.29,1874.29,1874.85
1784897460,1874.85,1875.59,1874.85,1875.34
1784897520,1875.35,1875.35,1874.31,1874.31
1784897580,1874.29,1874.29,1873.39,1873.91
1784897640,1873.81,1874.43,1873.55,1874.13
1784897700,1874.14,1874.77,1873.82,1874.58
1784897760,1874.58,1874.86,1870.69,1870.96
1784897820,1870.96,1871.75,1870.59,1870.85
1784897880,1870.91,1871.68,1870.91,1871.42
1784897940,1871.42,1871.74,1871.07,1871.4
1784898000,1871.34,1873.95,1871.04,1871.97
1784898060,1871.97,1872.35,1871.09,1871.24
1784898120,1871.24,1871.72,1870.56,1871.28
1784898180,1871.28,1871.39,1870.21,1870.38
1784898240,1870.37,1870.84,1869.84,1870.73
1784898300,1870.74,1871.47,1864.64,1866.49
1784898360,1866.59,1866.59,1864.03,1866.24
1784898420,1866.24,1866.27,1855.47,1858.97
1784898480,1858.68,1860.43,1858.34,1859.9
1784898540,1859.9,1860.94,1857.73,1860.88
1784898600,1860.88,1861.56,1858.67,1861.56
1784898660,1861.66,1861.93,1860.67,1861.65
1784898720,1861.65,1863.04,1861.4,1862.19
1784898780,1862.19,1862.4,1860.25,1860.59
1784898840,1860.59,1861.43,1860.57,1861.18
1784898900,1861.0,1863.09,1860.64,1862.61
1784898960,1862.61,1865.76,1862.48,1864.51
1784899020,1864.5,1866.05,1863.25,1865.71
1784899080,1865.71,1867.78,1865.45,1866.99
1784899140,1866.91,1869.11,1866.88,1867.02
1784899200,1866.96,1868.25,1866.77,1867.8
1784899260,1867.92,1868.58,1867.68,1867.68
1784899320,1867.59,1867.87,1866.75,1867.31
1784899380,1867.32,1868.28,1866.68,1868.28
1784899440,1868.38,1868.38,1866.81,1866.96
1784899500,1866.96,1867.07,1865.13,1866.35
1784899560,1866.35,1866.83,1865.91,1866.48
1784899620,1866.48,1866.62,1865.32,1865.73
1784899680,1865.73,1866.42,1865.42,1865.76
1784899740,1865.72,1865.72,1865.0,1865.33
1784899800,1865.44,1867.14,1864.19,1864.56
1784899860,1864.56,1864.83,1862.88,1863.85
1784899920,1863.85,1864.18,1862.13,1862.48
1784899980,1862.63,1865.02,1862.63,1863.18
1784900040,1863.32,1864.41,1862.86,1864.18
1784900100,1864.4,1865.5,1862.3,1863.48
1784900160,1863.58,1863.58,1860.89,1861.07
1784900220,1861.07,1862.66,1859.31,1862.36
1784900280,1862.54,1864.07,1859.5,1859.61
1784900340,1859.55,1860.57,1859.21,1859.52
1784900400,1859.55,1859.67,1856.99,1859.0
1784900460,1859.05,1859.48,1858.0,1859.19
1784900520,1859.18,1860.31,1858.12,1860.12
1784900580,1860.13,1862.79,1859.55,1861.1
1784900640,1861.1,1864.18,1861.1,1864.18
1784900700,1864.17,1865.84,1863.86,1864.45
1784900760,1864.45,1864.83,1862.72,1864.1
1784900820,1864.16,1864.49,1861.8,1862.19
1784900880,1862.19,1862.3,1860.35,1861.2
1784900940,1861.32,1862.54,1860.51,1861.1
1784901000,1860.9,1860.9,1856.79,1858.32
1784901060,1858.25,1858.37,1854.63,1854.98
1784901120,1855.07,1855.5,1850.0,1851.71
1784901180,1851.72,1852.2,1848.39,1848.92
1784901240,1848.84,1850.39,1847.79,1849.26
1784901300,1849.43,1849.43,1846.58,1847.24
1784901360,1847.25,1850.63,1846.72,1849.92
1784901420,1849.83,1853.14,1849.24,1852.8
1784901480,1852.74,1855.1,1852.19,1855.06
1784901540,1854.95,1856.25,1854.14,1856.24
1784901600,1856.24,1858.82,1855.56,1858.32
1784901660,1858.43,1859.75,1855.72,1856.66
1784901720,1856.64,1857.59,1855.84,1855.99
1784901780,1855.84,1855.84,1853.54,1854.87
1784901840,1854.87,1855.56,1853.81,1854.36
1784901900,1854.26,1857.07,1853.81,1855.39
1784901960,1855.51,1856.1,1854.19,1854.8
1784902020,1854.79,1856.5,1852.64,1856.33
1784902080,1856.34,1859.77,1856.34,1858.08
1784902140,1858.11,1860.23,1857.92,1859.9
1784902200,1859.74,1861.43,1859.74,1860.72
1784902260,1860.7,1860.88,1859.81,1860.35
1784902320,1860.26,1861.19,1856.08,1856.46
1784902380,1856.46,1857.06,1855.62,1856.38
1784902440,1856.38,1857.44,1855.34,1855.34
1784902500,1855.34,1856.15,1854.53,1854.54
1784902560,1854.54,1855.21,1853.48,1854.67
1784902620,1854.61,1854.61,1851.43,1851.72
1784902680,1851.69,1852.36,1849.0,1849.43
1784902740,1849.43,1852.51,1848.44,1852.06
1784902800,1852.06,1852.06,1848.79,1850.52
1784902860,1850.56,1853.99,1850.5,1853.35
1784902920,1853.35,1853.87,1850.53,1852.15
1784902980,1852.2,1853.03,1852.2,1852.67
1784903040,1852.67,1852.96,1852.03,1852.72
1784903100,1852.73,1853.27,1850.93,1852.88
1784903160,1852.88,1854.02,1852.28,1852.85
1784903220,1852.85,1854.99,1852.85,1853.72
1784903280,1853.72,1855.26,1853.18,1855.1
1784903340,1855.13,1856.89,1855.13,1856.24
1784903400,1856.2,1856.62,1854.01,1854.38
1784903460,1854.29,1854.65,1853.44,1854.65
1784903520,1854.64,1854.64,1852.86,1853.52
1784903580,1853.45,1855.03,1853.11,1854.03
1784903640,1854.03,1854.31,1852.48,1852.48
1784903700,1852.48,1854.95,1852.48,1854.15
1784903760,1854.15,1855.96,1853.15,1854.97
1784903820,1854.96,1855.09,1854.12,1854.12
1784903880,1854.1,1855.07,1853.92,1854.88
1784903940,1854.81,1855.43,1850.9,1851.33
1784904000,1851.45,1854.11,1851.45,1852.82
1784904060,1852.74,1853.3,1850.99,1852.9
1784904120,1852.85,1852.85,1851.11,1851.48
1784904180,1851.49,1851.83,1850.36,1851.52
1784904240,1851.53,1852.41,1850.54,1850.61
1784904300,1850.52,1850.97,1848.97,1848.97
1784904360,1848.97,1849.93,1846.39,1849.74
1784904420,1849.75,1850.17,1847.41,1847.64
1784904480,1847.56,1849.12,1847.35,1848.36
1784904540,1848.44,1852.2,1847.73,1852.04
1784904600,1852.05,1856.83,1852.05,1856.14
1784904660,1856.13,1856.13,1854.02,1854.8
1784904720,1854.79,1856.76,1854.36,1854.36
1784904780,1854.29,1856.91,1854.29,1856.37
1784904840,1856.38,1857.09,1855.05,1855.9
1784904900,1855.91,1857.24,1855.84,1856.64
1784904960,1856.63,1858.09,1856.26,1858.02
1784905020,1858.02,1860.21,1858.02,1859.12
1784905080,1859.12,1860.69,1859.12,1860.21
1784905140,1860.21,1861.51,1860.21,1861.17
1784905200,1861.04,1861.04,1858.42,1859.14
1784905260,1859.14,1859.85,1858.4,1858.4
1784905320,1858.41,1858.5,1857.33,1858.1
1784905380,1858.1,1858.32,1856.76,1856.76
1784905440,1856.77,1857.23,1855.47,1856.19
1784905500,1856.1,1856.1,1855.0,1855.01
1784905560,1855.0,1855.43,1853.4,1853.4
1784905620,1853.41,1853.98,1852.21,1853.76
1784905680,1853.78,1854.89,1853.16,1853.56
1784905740,1853.56,1853.92,1852.65,1852.72
1784905800,1852.69,1859.03,1852.53,1858.1
1784905860,1858.09,1860.88,1855.73,1856.61
1784905920,1856.62,1858.13,1856.62,1857.71
1784905980,1857.71,1858.66,1857.21,1858.4
1784906040,1858.4,1863.54,1858.4,1863.34
1784906100,1863.34,1866.37,1862.66,1863.91
1784906160,1863.91,1866.58,1863.1,1863.37
1784906220,1863.25,1863.91,1861.08,1861.08
1784906280,1861.05,1861.57,1859.01,1859.73
1784906340,1859.72,1859.72,1858.34,1858.61
1784906400,1858.63,1861.58,1858.1,1860.97
1784906460,1860.98,1862.09,1860.98,1861.55
1784906520,1861.56,1862.1,1860.45,1861.82
1784906580,1861.73,1862.7,1861.59,1861.68
1784906640,1861.6,1861.6,1860.46,1861.24
1784906700,1861.21,1862.48,1861.21,1862.48
1784906760,1862.49,1863.11,1862.09,1862.09
1784906820,1862.06,1863.36,1861.81,1862.82
1784906880,1862.75,1865.08,1862.75,1863.57
1784906940,1863.57,1864.4,1862.16,1863.61
1784907000,1863.61,1863.61,1862.14,1862.48
1784907060,1862.49,1864.98,1862.27,1864.7
1784907120,1864.7,1864.7,1863.05,1864.02
1784907180,1863.91,1865.3,1863.9,1865.23
1784907240,1864.93,1865.51,1864.56,1865.06
1784907300,1864.96,1866.05,1864.8,1865.98
1784907360,1865.92,1866.25,1864.98,1865.61
1784907420,1865.55,1865.55,1863.27,1865.32
1784907480,1865.33,1866.8,1865.04,1866.59
1784907540,1866.55,1866.73,1865.42,1866.72
1784907600,1866.72,1867.73,1866.23,1866.48
1784907660,1866.45,1866.74,1864.2,1864.52
1784907720,1864.43,1864.6,1862.28,1862.28
1784907780,1862.28,1863.48,1862.23,1863.48
1784907840,1863.53,1864.67,1862.89,1862.89
1784907900,1862.91,1863.72,1862.28,1862.31
1784907960,1862.31,1863.93,1862.3,1862.37
1784908020,1862.35,1862.84,1861.67,1861.67
1784908080,1861.57,1864.72,1861.11,1863.84
1784908140,1863.72,1863.72,1862.17,1862.24
1784908200,1862.21,1863.72,1862.21,1863.72
1784908260,1863.72,1863.95,1862.97,1862.99
1784908320,1862.98,1863.31,1859.68,1859.98
1784908380,1859.97,1860.9,1858.2,1859.72
1784908440,1859.72,1859.96,1858.38,1859.78
1784908500,1859.86,1861.1,1859.29,1861.1
1784908560,1861.16,1861.85,1860.73,1861.84
1784908620,1861.85,1862.34,1861.85,1862.28
1784908680,1862.28,1862.29,1861.01,1861.01
1784908740,1860.97,1861.13,1860.2,1860.46
1784908800,1860.45,1860.45,1859.29,1859.35
1784908860,1859.34,1859.34,1857.8,1857.8
1784908920,1857.8,1858.68,1857.29,1858.68
1784908980,1858.67,1861.09,1858.54,1860.66
1784909040,1860.66,1862.5,1860.66,1862.17
1784909100,1862.17,1862.45,1861.37,1861.43
1784909160,1861.43,1862.31,1860.27,1860.3
1784909220,1860.36,1863.34,1860.36,1862.93
1784909280,1862.88,1862.88,1862.3,1862.3
1784909340,1862.31,1863.19,1862.31,1862.55
1784909400,1862.55,1864.62,1862.55,1864.62
1784909460,1864.62,1864.62,1862.05,1862.17
1784909520,1862.16,1862.48,1861.86,1861.86
1784909580,1861.86,1861.86,1859.66,1860.39
1784909640,1860.4,1860.76,1860.4,1860.76
1784909700,1860.75,1861.55,1860.75,1861.52
1784909760,1861.38,1861.6,1860.16,1860.16
1784909820,1860.15,1860.36,1859.32,1860.13
1784909880,1860.2,1861.37,1860.2,1861.01
1784909940,1861.01,1862.28,1861.01,1862.0
1784910000,1861.97,1862.5,1861.92,1861.92
1784910060,1861.92,1861.92,1860.09,1860.1
1784910120,1860.1,1861.65,1860.03,1861.65
1784910180,1861.67,1861.78,1861.55,1861.71
1784910240,1861.7,1861.71,1861.18,1861.29
1784910300,1861.3,1861.99,1861.08,1861.67
1784910360,1861.67,1861.68,1859.88,1859.88
1784910420,1859.84,1860.07,1858.96,1858.97
1784910480,1858.96,1859.68,1858.87,1859.68
1784910540,1859.68,1859.68,1859.3,1859.3
1784910600,1859.3,1859.3,1856.84,1857.67
1784910660,1857.69,1858.2,1856.73,1856.9
1784910720,1856.91,1857.65,1856.28,1857.31
1784910780,1857.31,1857.88,1856.41,1856.76
1784910840,1856.81,1857.29,1856.81,1857.0
1784910900,1857.07,1857.07,1854.96,1854.96
1784910960,1854.92,1855.89,1854.65,1855.89
1784911020,1855.88,1856.73,1854.64,1856.73
1784911080,1856.73,1856.99,1855.57,1855.69
1784911140,1855.88,1856.44,1855.49,1856.2
1784911200,1856.26,1856.35,1855.41,1856.34
1784911260,1856.33,1856.33,1855.64,1855.91
1784911320,1855.91,1855.92,1855.24,1855.88
1784911380,1855.89,1855.96,1855.33,1855.95
1784911440,1855.86,1855.86,1855.38,1855.47
1784911500,1855.4,1856.18,1855.18,1856.03
1784911560,1856.2,1856.2,1854.51,1854.51
1784911620,1854.51,1855.02,1853.63,1854.11
1784911680,1854.12,1854.12,1851.94,1853.14
1784911740,1853.14,1853.96,1852.37,1853.43
1784911800,1853.48,1853.54,1852.8,1852.84
1784911860,1852.84,1853.43,1852.84,1853.43
1784911920,1853.45,1853.92,1852.86,1853.16
1784911980,1853.13,1853.4,1852.86,1853.25
1784912040,1853.26,1854.82,1853.26,1854.55
1784912100,1854.54,1856.1,1854.35,1856.1
1784912160,1856.11,1856.3,1855.9,1856.17
1784912220,1856.17,1857.48,1856.17,1857.38
1784912280,1857.38,1857.79,1857.38,1857.71
1784912340,1857.7,1857.88,1855.95,1855.95
1784912400,1855.94,1856.6,1855.77,1856.37
1784912460,1856.37,1856.37,1854.96,1855.95
1784912520,1856.02,1856.18,1855.47,1856.0
1784912580,1856.0,1856.51,1855.31,1855.86
1784912640,1855.87,1857.07,1855.87,1856.97
1784912700,1856.97,1857.24,1856.82,1856.88
1784912760,1856.83,1857.3,1853.65,1855.09
1784912820,1855.09,1855.54,1854.43,1854.72
1784912880,1854.66,1855.14,1853.58,1854.92
1784912940,1854.88,1855.5,1854.25,1854.71
1784913000,1854.7,1855.44,1854.03,1854.24
1784913060,1854.25,1855.33,1854.01,1854.9
1784913120,1854.9,1855.55,1854.9,1855.08
1784913180,1854.97,1855.53,1854.56,1855.52
1784913240,1855.53,1856.0,1855.53,1855.99
1784913300,1856.0,1856.8,1855.68,1856.06
1784913360,1856.06,1856.22,1855.79,1855.8
1784913420,1855.8,1857.53,1855.8,1857.53
1784913480,1857.53,1858.81,1857.08,1857.94
1784913540,1857.93,1858.79,1857.92,1858.49
1784913600,1858.5,1859.33,1858.41,1858.95
1784913660,1858.98,1859.64,1858.69,1859.51
1784913720,1859.4,1860.75,1859.09,1859.18
1784913780,1859.17,1859.87,1858.68,1858.68
1784913840,1858.64,1861.31,1858.64,1861.26
1784913900,1861.26,1862.39,1861.0,1862.39
1784913960,1862.4,1862.92,1861.56,1862.78
1784914020,1862.78,1862.86,1862.44,1862.68
1784914080,1862.68,1863.1,1862.45,1862.62
1784914140,1862.53,1862.53,1861.45,1861.62
1784914200,1861.5,1861.96,1861.24,1861.46
1784914260,1861.46,1861.46,1861.04,1861.29
1784914320,1861.3,1862.61,1861.11,1862.61
1784914380,1862.61,1863.17,1862.16,1863.09
1784914440,1863.09,1863.8,1863.0,1863.8
1784914500,1863.8,1864.67,1863.79,1864.16
1784914560,1864.14,1864.14,1862.25,1862.77
1784914620,1862.77,1862.77,1861.61,1861.61
1784914680,1861.61,1861.79,1861.18,1861.57
1784914740,1861.56,1861.85,1861.13,1861.45
1784914800,1861.45,1862.44,1861.35,1862.43
1784914860,1862.43,1862.43,1861.75,1861.85
1784914920,1861.84,1862.31,1861.62,1862.18
1784914980,1862.19,1862.52,1862.19,1862.51
1784915040,1862.52,1862.9,1861.94,1861.94
1784915100,1861.94,1862.12,1861.45,1861.55
1784915160,1861.64,1862.2,1861.64,1862.06
1784915220,1862.07,1862.26,1861.12,1861.23
1784915280,1861.22,1861.32,1861.1,1861.1
1784915340,1861.1,1861.44,1861.0,1861.44
1784915400,1861.52,1862.96,1861.24,1862.02
1784915460,1862.03,1862.36,1861.42,1861.42
1784915520,1861.43,1862.99,1861.43,1862.88
1784915580,1862.95,1863.59,1862.95,1863.46
1784915640,1863.48,1863.97,1863.44,1863.61
1784915700,1863.6,1864.67,1863.6,1864.2
1784915760,1864.09,1864.86,1864.09,1864.86
1784915820,1864.85,1864.85,1864.15,1864.15
1784915880,1864.11,1864.8,1863.93,1864.8
1784915940,1864.81,1865.26,1864.8,1864.86
1784916000,1864.87,1865.23,1864.01,1864.08
1784916060,1864.07,1864.15,1863.3,1863.42
1784916120,1863.42,1863.48,1863.1,1863.37
1784916180,1863.37,1863.37,1862.58,1862.58
1784916240,1862.58,1863.63,1862.58,1863.59
1784916300,1863.58,1864.54,1862.96,1864.54
1784916360,1864.54,1864.54,1862.85,1862.85
1784916420,1862.78,1864.45,1862.78,1864.18
1784916480,1864.18,1864.18,1863.72,1863.72
1784916540,1863.66,1863.79,1863.33,1863.33
1784916600,1863.33,1863.33,1862.82,1863.18
1784916660,1863.17,1863.17,1862.81,1863.11
1784916720,1863.11,1863.11,1862.89,1862.94
1784916780,1862.95,1863.41,1862.94,1863.28
1784916840,1863.34,1864.18,1863.29,1863.88
1784916900,1863.88,1863.88,1863.08,1863.46
1784916960,1863.46,1863.46,1861.93,1862.81
1784917020,1862.82,1863.0,1862.31,1862.31
1784917080,1862.28,1862.29,1861.68,1861.68
1784917140,1861.56,1861.88,1861.48,1861.78
1784917200,1861.77,1861.97,1861.33,1861.97
1784917260,1861.97,1861.97,1861.37,1861.68
1784917320,1861.67,1862.51,1861.52,1862.16
1784917380,1862.16,1862.5,1861.74,1862.06
1784917440,1862.06,1862.17,1861.98,1861.98
1784917500,1861.98,1862.26,1861.98,1862.26
1784917560,1862.25,1862.25,1861.46,1861.69
1784917620,1861.69,1861.69,1861.0,1861.0
1784917680,1861.0,1861.0,1859.51,1859.61
1784917740,1859.66,1860.48,1859.66,1860.25
1784917800,1860.26,1860.71,1860.02,1860.02
1784917860,1860.03,1860.55,1860.03,1860.19
1784917920,1860.19,1861.23,1860.09,1860.71
1784917980,1860.77,1860.98,1860.08,1860.12
1784918040,1860.03,1860.03,1858.51,1859.16
1784918100,1859.17,1859.66,1858.76,1859.66
1784918160,1859.73,1860.67,1859.16,1859.16
1784918220,1859.14,1859.71,1859.14,1859.29
1784918280,1859.33,1860.56,1859.33,1860.45
1784918340,1860.45,1860.45,1858.67,1859.32
1784918400,1859.39,1859.41,1858.56,1858.63
1784918460,1858.63,1858.68,1857.95,1857.95
1784918520,1857.96,1858.22,1857.58,1857.6
1784918580,1857.6,1858.28,1857.04,1858.28
1784918640,1858.32,1858.79,1858.32,1858.67
1784918700,1858.65,1859.28,1858.23,1859.28
1784918760,1859.4,1860.49,1859.4,1860.49
1784918820,1860.51,1861.58,1860.51,1861.36
1784918880,1861.36,1861.88,1860.62,1860.79
1784918940,1860.79,1860.9,1860.77,1860.77
1784919000,1860.78,1861.21,1859.72,1859.94
1784919060,1859.94,1861.44,1859.94,1861.44
1784919120,1861.46,1862.39,1861.46,1862.39
1784919180,1862.39,1862.79,1861.37,1861.84
1784919240,1861.85,1861.85,1861.16,1861.31
1784919300,1861.29,1861.32,1860.72,1861.32
1784919360,1861.31,1861.68,1861.1,1861.68
1784919420,1861.68,1861.68,1861.29,1861.62
1784919480,1861.63,1861.8,1861.08,1861.08
1784919540,1861.09,1861.33,1861.09,1861.32
1784919600,1861.33,1861.97,1860.42,1861.3
1784919660,1861.32,1862.48,1860.86,1860.86
1784919720,1860.86,1861.18,1859.95,1859.96
1784919780,1859.95,1860.0,1859.15,1859.86
1784919840,1859.86,1859.86,1858.8,1858.8
1784919900,1858.7,1859.78,1858.42,1859.67
1784919960,1859.66,1859.71,1858.81,1858.82
1784920020,1858.81,1858.81,1856.94,1857.53
1784920080,1857.41,1858.04,1857.32,1857.52
1784920140,1857.51,1857.52,1856.55,1857.03
1784920200,1857.03,1857.16,1856.67,1856.97
1784920260,1856.97,1857.01,1856.67,1857.0
1784920320,1857.01,1858.02,1857.01,1857.12
1784920380,1857.03,1857.43,1856.99,1856.99
1784920440,1856.99,1857.69,1856.67,1856.67
1784920500,1856.67,1858.32,1856.46,1858.32
1784920560,1858.36,1858.36,1857.48,1857.86
1784920620,1857.87,1859.15,1857.87,1858.76
1784920680,1858.77,1858.98,1858.23,1858.23
1784920740,1858.23,1858.69,1858.0,1858.32
1784920800,1858.32,1859.19,1858.11,1859.19
1784920860,1859.19,1859.36,1858.83,1859.3
1784920920,1859.35,1859.8,1859.35,1859.42
1784920980,1859.42,1859.42,1858.71,1858.92
1784921040,1858.82,1858.82,1857.4,1858.4
1784921100,1858.39,1858.43,1857.93,1858.29
1784921160,1858.28,1858.41,1858.15,1858.36
1784921220,1858.36,1859.2,1858.36,1859.07
1784921280,1859.12,1859.61,1859.01,1859.61
1784921340,1859.61,1860.28,1859.6,1859.72
1784921400,1859.67,1860.48,1859.57,1859.91
1784921460,1859.91,1860.48,1859.37,1860.16
1784921520,1860.21,1860.84,1860.2,1860.84
1784921580,1860.84,1861.27,1860.64,1860.84
1784921640,1860.84,1861.06,1860.84,1860.94
1784921700,1860.93,1862.1,1860.61,1860.99
1784921760,1860.99,1861.05,1860.16,1860.26
1784921820,1860.27,1862.24,1860.27,1861.85
1784921880,1861.85,1862.11,1861.44,1862.11
1784921940,1862.14,1863.27,1862.04,1862.05
1784922000,1862.01,1862.7,1861.97,1862.3
1784922060,1862.29,1862.29,1861.68,1861.87
1784922120,1861.8,1862.04,1861.33,1861.91
1784922180,1861.91,1861.99,1861.64,1861.96
1784922240,1861.96,1862.04,1861.96,1862.04
1784922300,1862.07,1862.77,1861.68,1861.68
1784922360,1861.61,1861.61,1860.93,1860.93
1784922420,1860.94,1861.56,1860.94,1861.12
1784922480,1861.12,1861.12,1860.41,1861.08
1784922540,1861.08,1861.89,1861.07,1861.89
1784922600,1861.9,1862.35,1861.08,1861.46
1784922660,1861.36,1861.48,1860.79,1861.02
1784922720,1861.06,1861.08,1860.49,1860.5
1784922780,1860.54,1861.55,1860.54,1861.36
1784922840,1861.35,1862.49,1861.29,1862.27
1784922900,1862.27,1862.27,1861.44,1861.5
1784922960,1861.49,1861.97,1861.04,1861.43
1784923020,1861.44,1861.45,1860.96,1861.15
1784923080,1861.19,1861.67,1861.18,1861.47
1784923140,1861.47,1862.25,1860.73,1862.25
1784923200,1862.25,1862.99,1861.8,1862.99
1784923260,1862.99,1863.98,1862.99,1863.47
1784923320,1863.45,1863.63,1862.63,1862.63
1784923380,1862.63,1863.34,1862.42,1863.25
1784923440,1863.25,1863.25,1862.18,1862.2
1784923500,1862.22,1862.36,1861.2,1861.2
1784923560,1861.21,1861.5,1861.13,1861.5
1784923620,1861.5,1861.89,1860.9,1861.13
1784923680,1861.12,1861.45,1860.93,1861.14
1784923740,1861.14,1861.15,1860.68,1860.76
1784923800,1860.75,1860.87,1860.7,1860.86
1784923860,1860.87,1861.56,1860.87,1861.56
1784923920,1861.59,1861.71,1861.59,1861.71
1784923980,1861.71,1862.12,1861.71,1862.12
1784924040,1862.11,1862.11,1861.87,1861.87
1784924100,1861.87,1862.5,1861.86,1862.49
1784924160,1862.5,1862.5,1862.5,1862.5
1784924220,1862.5,1862.69,1862.3,1862.31
1784924280,1862.31,1863.11,1862.31,1863.11
1784924340,1863.1,1863.1,1861.44,1861.52
1784924400,1861.52,1862.12,1861.48,1861.73
1784924460,1861.74,1861.97,1861.74,1861.96
1784924520,1861.97,1862.93,1861.97,1862.93
1784924580,1862.94,1863.17,1862.94,1863.16
1784924640,1863.17,1863.36,1862.88,1862.88
1784924700,1862.89,1863.54,1862.89,1863.54
1784924760,1863.53,1863.75,1863.26,1863.53
1784924820,1863.52,1863.52,1862.09,1862.3
1784924880,1862.4,1862.77,1862.21,1862.21
1784924940,1862.21,1862.21,1861.72,1861.72
1784925000,1861.71,1861.71,1860.69,1860.7
1784925060,1860.7,1860.9,1860.13,1860.4
1784925120,1860.4,1861.27,1860.4,1860.92
1784925180,1860.91,1861.48,1860.79,1861.47
1784925240,1861.47,1861.48,1860.58,1860.58
1784925300,1860.58,1860.84,1860.15,1860.84
1784925360,1860.84,1861.27,1860.75,1861.27
1784925420,1861.27,1861.34,1860.72,1860.72
1784925480,1860.69,1860.91,1859.42,1859.42
1784925540,1859.41,1861.06,1858.54,1860.88
1784925600,1860.89,1861.05,1860.88,1861.05
1784925660,1861.05,1861.05,1860.24,1860.24
1784925720,1860.23,1860.23,1859.45,1859.46
1784925780,1859.46,1859.96,1859.46,1859.84
1784925840,1859.85,1860.39,1859.85,1860.39
1784925900,1860.43,1860.82,1860.36,1860.36
1784925960,1860.32,1860.33,1859.69,1859.71
1784926020,1859.64,1859.65,1857.36,1857.49
1784926080,1857.49,1857.86,1856.82,1857.55
1784926140,1857.55,1858.13,1857.55,1858.13
1784926200,1858.13,1858.46,1858.06,1858.46
1784926260,1858.46,1859.47,1858.46,1859.46
1784926320,1859.47,1859.87,1859.47,1859.63
1784926380,1859.64,1859.64,1859.63,1859.63
1784926440,1859.63,1859.96,1859.61,1859.96
1784926500,1859.96,1859.96,1859.95,1859.95
1784926560,1859.95,1859.96,1859.95,1859.96
1784926620,1859.95,1859.95,1859.93,1859.93
1784926680,1859.94,1860.35,1859.64,1859.64
1784926740,1859.59,1859.59,1859.17,1859.3
1784926800,1859.3,1859.5,1858.32,1858.32
1784926860,1858.31,1858.31,1858.31,1858.31
1784926920,1858.31,1860.33,1858.31,1859.64
1784926980,1859.59,1859.98,1858.32,1858.77
1784927040,1858.77,1859.46,1858.72,1859.14
1784927100,1859.08,1859.46,1858.95,1859.46
1784927160,1859.45,1859.45,1858.8,1858.8
1784927220,1858.69,1858.69,1858.0,1858.51
1784927280,1858.51,1858.82,1858.21,1858.81
1784927340,1858.82,1859.41,1858.82,1858.97
1784927400,1858.93,1858.93,1857.6,1858.22
1784927460,1858.31,1858.31,1857.81,1857.81
1784927520,1857.82,1858.13,1857.53,1857.53
1784927580,1857.54,1857.96,1857.53,1857.88
1784927640,1857.91,1858.14,1857.85,1858.0
1784927700,1858.03,1858.03,1857.85,1858.03
1784927760,1858.08,1859.04,1858.08,1859.04
1784927820,1859.07,1859.3,1859.07,1859.3
1784927880,1859.31,1859.43,1858.8,1858.8
1784927940,1858.72,1858.72,1858.2,1858.2
1784928000,1858.13,1858.13,1857.39,1857.53
1784928060,1857.58,1857.93,1857.58,1857.79
1784928120,1857.79,1858.34,1857.79,1858.0
1784928180,1858.0,1858.0,1857.95,1857.96
1784928240,1857.95,1858.44,1857.25,1858.44
1784928300,1858.52,1859.29,1858.52,1859.29
1784928360,1859.3,1859.62,1859.29,1859.62
1784928420,1859.62,1859.62,1858.61,1858.61
1784928480,1858.62,1858.62,1857.92,1858.12
1784928540,1858.16,1858.56,1858.16,1858.56
1784928600,1858.64,1859.43,1858.64,1859.1
1784928660,1859.1,1859.37,1859.1,1859.37
1784928720,1859.36,1859.36,1858.85,1859.11
1784928780,1859.11,1859.79,1859.11,1859.59
1784928840,1859.49,1859.49,1858.96,1858.96
1784928900,1858.96,1859.48,1858.96,1859.48
1784928960,1859.51,1859.63,1859.51,1859.62
1784929020,1859.63,1859.68,1859.39,1859.39
1784929080,1859.39,1859.39,1858.45,1858.45
1784929140,1858.44,1858.44,1857.97,1858.2
1784929200,1858.21,1858.56,1857.39,1858.56
1784929260,1858.56,1858.64,1857.74,1857.74
1784929320,1857.75,1858.23,1857.75,1857.87
1784929380,1857.87,1858.69,1857.47,1858.1
1784929440,1857.99,1859.18,1857.68,1858.25
1784929500,1858.25,1858.53,1857.66,1857.66
1784929560,1857.66,1857.66,1856.89,1856.98
1784929620,1856.98,1857.21,1856.97,1857.21
1784929680,1857.2,1858.24,1857.2,1857.96
1784929740,1857.98,1858.48,1857.6,1857.94
1784929800,1857.95,1858.51,1857.95,1858.11
1784929860,1858.11,1858.21,1857.16,1857.16
1784929920,1857.17,1857.36,1857.16,1857.33
1784929980,1857.33,1857.36,1856.59,1856.83
1784930040,1856.86,1857.56,1856.86,1857.37
1784930100,1857.36,1857.37,1856.93,1857.03
1784930160,1857.03,1857.03,1856.04,1856.13
1784930220,1856.14,1856.95,1856.14,1856.95
1784930280,1856.95,1856.95,1855.87,1856.22
1784930340,1856.22,1856.22,1855.76,1856.16
1784930400,1856.19,1856.34,1855.89,1855.96
1784930460,1855.96,1856.34,1855.31,1855.43
1784930520,1855.43,1856.76,1855.42,1856.76
1784930580,1856.81,1857.75,1856.81,1856.89
1784930640,1856.88,1857.16,1856.6,1857.11
1784930700,1857.03,1857.72,1856.95,1857.71
1784930760,1857.71,1857.95,1857.71,1857.95
1784930820,1857.95,1858.4,1856.69,1856.72
1784930880,1856.88,1857.49,1856.52,1856.71
1784930940,1856.7,1857.37,1856.49,1857.37
1784931000,1857.42,1858.32,1857.42,1858.32
1784931060,1858.33,1858.45,1858.23,1858.45
1784931120,1858.46,1858.46,1857.96,1857.96
1784931180,1857.85,1857.85,1857.36,1857.41
1784931240,1857.4,1857.84,1857.4,1857.84
1784931300,1857.87,1857.87,1857.86,1857.86
1784931360,1857.87,1858.42,1857.87,1858.42
1784931420,1858.43,1858.43,1858.28,1858.34
1784931480,1858.33,1858.33,1858.21,1858.21
1784931540,1858.22,1858.37,1858.21,1858.37
1784931600,1858.37,1858.37,1858.29,1858.3
1784931660,1858.29,1858.3,1858.29,1858.3
1784931720,1858.3,1858.36,1857.45,1857.82
1784931780,1857.94,1858.13,1857.94,1858.13
1784931840,1858.12,1858.12,1857.06,1857.6
1784931900,1857.65,1857.65,1857.65,1857.65
1784931960,1857.65,1858.03,1857.65,1858.02
1784932020,1858.02,1858.02,1857.99,1857.99
1784932080,1857.99,1857.99,1857.54,1857.55
1784932140,1857.55,1857.98,1857.55,1857.98
1784932200,1857.99,1858.21,1857.99,1858.21
1784932260,1858.21,1858.22,1858.21,1858.22
1784932320,1858.22,1858.75,1858.22,1858.75
1784932380,1858.75,1859.95,1858.75,1859.66
1784932440,1859.65,1859.65,1858.71,1858.71
1784932500,1858.71,1859.12,1858.7,1858.8
1784932560,1858.8,1859.14,1858.8,1859.14
1784932620,1859.15,1859.15,1858.91,1858.91
1784932680,1858.92,1858.92,1858.92,1858.92
1784932740,1858.91,1858.92,1858.49,1858.6
1784932800,1858.67,1859.47,1858.67,1859.47
1784932860,1859.48,1859.97,1859.47,1859.92
1784932920,1859.92,1860.0,1859.54,1860.0
1784932980,1860.0,1860.0,1859.53,1859.64
1784933040,1859.67,1859.68,1859.35,1859.35
1784933100,1859.35,1859.55,1859.35,1859.54
1784933160,1859.54,1859.54,1859.27,1859.27
1784933220,1859.27,1859.27,1857.73,1858.2
1784933280,1858.21,1858.59,1858.21,1858.59
1784933340,1858.58,1858.58,1858.15,1858.44
1784933400,1858.52,1858.7,1858.22,1858.23
1784933460,1858.22,1858.23,1858.02,1858.22
1784933520,1858.23,1858.72,1858.23,1858.7
1784933580,1858.65,1859.12,1858.65,1858.74
1784933640,1858.69,1858.69,1858.69,1858.69
1784933700,1858.69,1858.92,1858.69,1858.91
1784933760,1858.91,1859.09,1858.91,1859.09
1784933820,1859.09,1859.09,1858.88,1858.88
1784933880,1858.88,1858.88,1858.38,1858.38
1784933940,1858.33,1858.33,1857.94,1857.97
1784934000,1857.96,1858.16,1857.95,1858.16
1784934060,1858.15,1858.15,1857.64,1857.87
1784934120,1857.87,1858.67,1857.5,1858.67
1784934180,1858.67,1858.98,1858.67,1858.98
1784934240,1858.97,1859.38,1858.68,1858.68
1784934300,1858.67,1858.73,1857.78,1857.98
1784934360,1858.14,1858.31,1858.14,1858.31
1784934420,1858.32,1858.49,1858.31,1858.49
1784934480,1858.5,1858.5,1858.5,1858.5
1784934540,1858.5,1858.5,1857.79,1858.28
1784934600,1858.28,1858.28,1858.27,1858.28
1784934660,1858.28,1858.5,1858.27,1858.32
1784934720,1858.32,1858.45,1858.24,1858.24
1784934780,1858.21,1858.56,1858.21,1858.56
1784934840,1858.6,1858.71,1858.45,1858.45
1784934900,1858.45,1858.45,1857.84,1857.84
1784934960,1857.79,1858.39,1857.79,1858.39
1784935020,1858.4,1858.47,1858.4,1858.47
1784935080,1858.47,1858.8,1858.47,1858.72
1784935140,1858.74,1858.74,1858.58,1858.58
1784935200,1858.58,1859.1,1858.57,1859.09
1784935260,1859.09,1859.64,1859.09,1859.64
1784935320,1859.66,1859.79,1859.64,1859.79
1784935380,1859.79,1859.84,1859.4,1859.4
1784935440,1859.4,1859.6,1859.4,1859.59
1784935500,1859.59,1859.59,1858.89,1858.89
1784935560,1858.88,1858.88,1858.82,1858.83
1784935620,1858.83,1859.4,1858.83,1859.4
1784935680,1859.44,1859.52,1859.44,1859.52
1784935740,1859.52,1859.52,1859.4,1859.41
1784935800,1859.41,1859.57,1859.41,1859.42
1784935860,1859.41,1859.69,1859.38,1859.69
1784935920,1859.73,1859.97,1859.73,1859.97
1784935980,1859.89,1859.97,1859.89,1859.97
1784936040,1859.97,1859.97,1859.96,1859.96
1784936100,1859.96,1859.96,1859.04,1859.05
1784936160,1859.05,1859.28,1859.05,1859.28
1784936220,1859.27,1859.27,1858.61,1858.62
1784936280,1858.61,1858.61,1857.74,1857.85
1784936340,1857.85,1859.13,1857.85,1859.13
1784936400,1859.13,1859.39,1859.01,1859.01
1784936460,1858.94,1858.94,1858.94,1858.94
1784936520,1858.94,1859.05,1858.94,1859.05
1784936580,1859.05,1859.67,1859.05,1859.67
1784936640,1859.67,1859.8,1859.42,1859.43
1784936700,1859.42,1859.42,1858.8,1859.2
1784936760,1859.27,1859.55,1859.27,1859.3
1784936820,1859.29,1859.29,1858.87,1858.87
1784936880,1858.87,1859.08,1858.87,1859.08
1784936940,1859.07,1859.4,1859.07,1859.4
1784937000,1859.48,1859.49,1859.44,1859.44
1784937060,1859.45,1859.91,1859.45,1859.91
1784937120,1859.92,1860.34,1859.92,1860.23
1784937180,1860.23,1860.23,1860.22,1860.22
1784937240,1860.22,1860.22,1859.42,1859.42
1784937300,1859.46,1859.92,1859.46,1859.91
1784937360,1859.92,1859.92,1859.91,1859.91
1784937420,1859.91,1860.14,1859.91,1860.14
1784937480,1860.13,1860.31,1860.13,1860.31
1784937540,1860.32,1860.33,1860.0,1860.0
1784937600,1859.89,1859.93,1859.31,1859.64
1784937660,1859.58,1860.84,1859.35,1860.83
1784937720,1860.83,1860.93,1860.56,1860.92
