amount0,amount1,sqrtPriceX96,liquidity,tick,block,logIndex
15000596484,-6083021567303128616,1597764346299071101540627084768087,2652459601471913186,198245,25821306,103
1,0,1597764346299071101540627084768087,2652459601471913186,198245,25821320,396
99000000,-40141750848768039,1597763147277167775116157499738847,2652459601471913186,198245,25821375,401
65334,-26490696955138,1597763146485898704585097087075017,2652459601471913186,198245,25821387,146
-21291953483,8686729388990852096,1598021838043932005697727333076921,2652459601471913186,198248,25821415,15
498026,-202000581112553,1598021832010236012936853006527363,2652459601471913186,198248,25821422,306
124589,-50533606289348,1598021830500812544506778402254390,2652459601471913186,198248,25821422,561
76509,-31032105206846,1598021829573892989116210514422857,2652459601471913186,198248,25821423,439
75714,-30709493975283,1598021828656609733207455628233166,2652459601471913186,198248,25821424,45
489731,-198636146750229,1598021822723408372779083092380917,2652459601471913186,198248,25821425,210
-5003367571,2041691021504100096,1598082624459910591099561349158887,2652459601471913186,198249,25821430,81
-8853074377,3612996037615081472,1598190219796692156068605292641583,2652459601471913186,198250,25821432,27
49500000,-20081583900959591,1598189619965881550635816430036885,2652459601471913186,198250,25821432,593
-18479562469,7543189337408760832,1598414256801548092380372778992915,2652459601471913186,198253,25821433,8
-6683077907,2728493753057913344,1598495511583233501696134199656012,2652459601471913186,198254,25821434,30
-17741537737,7244666333730051072,1598711258377841748464404671379376,2652459601471913186,198257,25821435,5
-33025465778,13490989946703421440,1599113021233853744962906500161693,2652459601471913186,198262,25821437,11
-8137864004,3325380269164780042,1599212051347992407132343763992576,2652459601471913186,198263,25821440,452
-71414566806,29199853482702721024,1600081625528737320325087245745517,2652459601471913186,198274,25821441,21
18082211793,-7352113605569666685,1599862020128812598604961076085819,2652459601471913186,198271,25821484,25
-28716296201,11747193160894955520,1600211852564615354513054000769212,2652459601471913186,198276,25821526,15
-3416418150,1397922060968581376,1600253482805384613325573154096056,2652459601471913186,198276,25821536,162
118972,-48390265780810,1600253481359982074767397249298194,2652459601471913186,198276,25821537,152
-18231343,7460053802070837,1600253703521034255782762713704407,2652459601471913186,198276,25821537,261
2514540621,-1022737164586546237,1600223154672621908410532403448687,2652459601471913186,198276,25821583,2618
22018167425,-8953764573205509181,1599955708444854016632375307029828,2652459601471913186,198273,25821588,5
1253977046,-509844060256177751,1599940479557657961608404025941769,2652459601471913186,198272,25821588,365
12527353870,-5092859493131264106,1599788357391740634508804137434524,2652459601471913186,198270,25821589,892
24150784313,-9815506055113552353,1599495171207693670112586071021061,2652459601471913186,198267,25821592,45
12747343724,-5179401113145252499,1599340464069876710261041690538138,2652459601471913186,198265,25821595,8
10781003640,-4379671215902343313,1599209644621143164356193449466427,2652459601471913186,198263,25821597,225
30956339571,-12571711436588063873,1598834131419649836475374503426993,2652459601471913186,198258,25821598,16
14949815365,-6069171309788474712,1598652847116359412347073418300494,2652459601471913186,198256,25821599,97
26045600414,-10570436291572642842,1598337111395487109738365843916985,2652459601471913186,198252,25821601,8
15935804289,-6465383167120487005,1598143992364382034071479712405023,2652459601471913186,198250,25821602,9
22890260851,-9284172027373136062,1597866676966331514604544715539242,2652459601471913186,198246,25821605,57
9152925,-3711734753137020,1597866566097942013707314012213755,2652459601471913186,198246,25821610,13
2908683,-1179541569008532,1597866530865393676353160026629316,2652459601471913186,198246,25821632,14
7567575,-3068836027194153,1597866439200193815346991807874255,2652459601471913186,198246,25821632,50
965167,-391398518319706,1597866427510568376323135848474288,2652761252191624862,198246,25821649,503
342783,-139006587441289,1597866423358955979522245649841895,2652761252191624862,198246,25821650,594
245605,-99598731548915,1597866420384310416204883940710019,2652761252191624862,198246,25821650,848
629841,-255415663377228,1597866412755989673046685477544583,2652761252191624862,198246,25821650,890
368355,-149376537739271,1597866408294665233070192728691540,2652761252191624862,198246,25821650,949
-7137575095,2912063664963167744,1597953119943046574552416083189345,2652761252191624862,198247,25821681,337
-7347248566,2997938614346573824,1598042388664099537583240380923278,2652761252191624862,198249,25821683,29
-3703717207,1511375276804127232,1598087392433471506215699286126397,2652761252191624862,198249,25821684,160
-26429966498,10787743805475756032,1598408615852774820048155758215644,2652761252191624862,198253,25821685,41
178790,-72552653949623,1598408613685895515243404258615460,2652761252191624862,198253,25821698,21
-57893650337,23645227074948243615,1599112690537198084687122245169785,2652761252191624862,198262,25821706,24
-25205461752,10301056456330000384,1599419422012936247202556392594256,2652761252191624862,198266,25821709,35
-6048181052,2472379750407724032,1599493041324959500975309497695836,2652761252191624862,198267,25821710,50
-11307040457,4622710573090172928,1599630690394451109969674175381455,2652761252191624862,198268,25821711,22
-17285656435,7068514396644362240,1599841167432544309907031933617085,2652761252191624862,198271,25821726,19
-21856817984,8940434116824807424,1600107384064014991485043186841433,2652761252191624862,198274,25821727,604
-18046429100,7384054363366865920,1600327256841278972222507764210182,2652761252191624862,198277,25821728,50
-2101021504,859806500000000000,1600352859042151505300170301119703,2652761252191624862,198277,25821728,380
128151,-52129988683764,1600352857485221641411406491637607,2652761252191624862,198277,25821743,19
-18562455902,7597557526516826112,1600579087682288666767457525270037,2652761252191624862,198280,25821758,15
-34958748101,14314344328348901376,1601005321630104824419582487810151,2652761252191624862,198286,25821784,30
-21341025505,8742127121199094784,1601265633333505715837406457087439,2652761252191624862,198289,25821785,19
97224,-39594491653466,1601265632150964762783747535049185,2652761252191624862,198289,25821785,645
-17152677232,7028475140271275008,1601474916952101798014814386786945,2652761252191624862,198291,25821789,13
-4785132934,1961082204295755264,1601533311510088891479074132229508,2652761252191624862,198292,25821791,54
-1219967721,500000000000000000,1601548199860475015029932689887260,2652761252191624862,198292,25821791,214
-7600761011,3115357804474715168,1601640964937617343316378256213779,2652761252191624862,198294,25821791,549
-31524456275,12924922873796825088,1602025826498534763467160971398959,2652761252191624862,198298,25821792,20
-26312559724,10792802699660400640,1602343735004267623687774905149258,2693212803436668619,198302,25821793,8
-2980707579,1222886471455805576,1602379601604496704447449177404259,2693212803436668619,198303,25821793,282
-11086003742,4548703904044283392,1602513012635115593147976846771884,2693212803436668619,198304,25821794,39
-6584382691,2702000000000000000,1602592260836875161424704899455625,2693212803436668619,198305,25821796,224
-11150638822,4576441108473815040,1602726485384730496429800262035103,2693212803436668619,198307,25821798,28
1264177,-515777671695131,1602726470211730746040167919368883,2693212803436668619,198307,25821805,464
114219,-46600637215067,1602726468840846553809850393620082,2693212803436668619,198307,25821815,692
134276,-54783862221042,1602726467229230593248096114337958,2693212803436668619,198307,25821851,20
-19165860994,7867836943639171072,1602957226640600283125735728723034,2693212803436668619,198310,25821852,29
-14386900768,5907500000000000000,1603130490427385867727797524144648,2693212803436668619,198312,25821854,36
-10109799643,4152015439522811392,1603252266799428853039995680650235,2693212803436668619,198314,25821859,115
-17397001576,7146288992330010624,1603461863598798338811704589385871,2693212803436668619,198316,25821863,12
-4532539312,1862169961003023462,1603516480038761393953475018348943,2693212803436668619,198317,25821863,431
-2661485918,1093516621447559139,1603548552291109253913980911408077,2693212803436668619,198317,25821864,297
-13432733493,5519733932189414400,1603710443108399143578396298741434,2693212803436668619,198319,25821880,58
-3850656184,1582504308287995136,1603756857105700621400283317882024,2693212803436668619,198320,25821881,38
-7680509464,3156732827746429440,1603849442375883560531038911772477,2693212803436668619,198321,25821884,91
-18516491534,7611881501321803776,1604072694752266490133513647860565,2693212803436668619,198324,25821885,29
-160593813,66027233611221050,1604074631295394117148172960636046,2693212803436668619,198324,25821886,571
-99527547494,40950874293931065344,1605275698337687295225299842039775,2693212803436668619,198339,25821889,5
280786,-114923728173575,1605275694956893991085911968059748,2693212803436668619,198339,25821892,53
4121731,-1686998891314313,1605275645329244014121450239908059,2693212803436668619,198339,25821894,209
-15974706520,6578547164466703360,1605468590567206446800464199523145,2693212803436668619,198341,25821895,46
176236,-72149532690817,1605468588444732168473088639200489,2693212803436668619,198341,25821899,1000
-1820983510,750000000000000000,1605490585539965209260485396977249,2693212803436668619,198342,25821901,140
106364,-43545417591236,1605490584258958592454125695386524,2693212803436668619,198342,25821902,808
-4135555505,1703368329002059008,1605540543132758597579179545227613,2693212803436668619,198342,25821907,329
-4153801176,1710990140419787520,1605590725550174074773178295884634,2693212803436668619,198343,25821908,189
334123,-136807920295530,1605590721525597877681863730117786,2693212803436668619,198343,25821910,194
-27864286992,11480330095587098624,1605927433411490375887535711604574,2693212803436668619,198347,25821913,8
-41482337084,17100008816554221568,1606428967441388482958971858445413,2693212803436668619,198353,25821914,12
338079,-138572245759915,1606428963364909864921927445081308,2693212803436668619,198353,25821948,346
89107,-36523092651816,1606428962290483990943742591266181,2693212803436668619,198353,25821961,729
3234533146,-1325745323233605141,1606389961894456002908292559186020,2693212803436668619,198353,25821965,203
22133526317,-9070190786438664935,1606123137620953976259053346449380,2693212803436668619,198349,25821969,8
67576986807,-27674023246138028029,1605309031135060719484212753549573,2693212803436668619,198339,25821970,5
2824974601,-1156268338548957194,1605275016364404736525196048356848,2693212803436668619,198339,25821970,762
29704874745,-12155304925540953583,1604917435087194741054441165851354,2693212803436668619,198334,25821972,16
24111730294,-9862595913184650353,1604627300066736938816047449987891,2693212803436668619,198331,25821974,27
2981075625,-1219123298466133806,1604591436246881133596332287518623,2693212803436668619,198330,25821975,330
22176180948,-9067331344432458326,1604324696091624675498066289960343,2693212803436668619,198327,25821978,42
28783156425,-11764277280253130047,1603978617953635205533175855421732,2693212803436668619,198323,25821981,5
28484966049,-11637404830651375839,1603636272113012955835794109171650,2693212803436668619,198318,25821986,18
17117218243,-6990773356001165239,1603430619545624708722074001352708,2693212803436668619,198316,25821999,9
26327445510,-10748785724092466781,1603114414847246358646148485916325,2693212803436668619,198312,25822000,8
11152951771,-4552171060878157297,1602980500383397172236404847485708,2693212803436668619,198310,25822037,137
8714264505,-3556271117929547697,1602875883018695589240035099697593,2693212803436668619,198309,25822074,22
159983,-65284408997543,1602875881098177552527559881755902,2693212803436668619,198309,25822076,174
-2170326940,891000000000000000,1602902013647314404982987229994693,2693212803436668619,198309,25822082,131
95453,-38952613051201,1602902012501417596072177863371912,2693212803436668619,198309,25822153,95
-212635217,87296234516367196,1602904572852863119260824092414854,2693212803436668619,198309,25822169,151
-4538948163,1863507054603569920,1602959228509059863349075180461129,2693212803436668619,198310,25822260,102
-7175862003,2946375652708739584,1603045644116826459154445737252063,2693212803436668619,198311,25822273,70
-10482201229,4304514206512835584,1603171893195403312278580987921401,2693212803436668619,198313,25822281,69
-38071707342,15639845298064805888,1603630601417338721230970300303649,2693212803436668619,198318,25822286,12
2081983289,-850384088251200954,1603605585061907194345264711166729,2693212803436668619,198318,25822314,211
198000000,-80871529538291637,1603603206006424886793009695603359,2693212803436668619,198318,25822346,201
-172791564548,71092923890130329600,1605688323096033576638718820018785,2693212803436668619,198344,25822354,5
77491,-31732682886166,1605688322162530604459662522563585,2693212803436668619,198344,25822357,544
106192,-43485908651237,1605688320883274604597974811558962,2693212803436668619,198344,25822358,141
-174350673,71827767915782189,1605690427552942898214499122237775,2693212803436668619,198344,25822396,135
75178,-30785605143657,1605690426647300787680452514385720,2693212803436668619,198344,25822407,230
5539649,-2268516031780594,1605690359912746205590821188140893,2693212803436668619,198344,25822416,215
82602,-33825882061286,1605690358917666099882066994940771,2693212803436668619,198344,25822418,568
553959,-226849128100407,1605690352244283452798227638687407,2693212803436668619,198344,25822447,30
334341,-136914028701327,1605690348216585789030430918043676,2693212803436668619,198344,25822455,170
-128335663,52870941839872239,1605691898892776072004217149786630,2693212803436668619,198344,25822528,163
10173648528,-4165853619997610810,1605569349004703861836963798880521,2693212803436668619,198343,25822584,342
2000213043,-818962217414529234,1605545257008864704827327192300722,2693212803436668619,198342,25822587,485
10590413452,-4335702829051375759,1605417710545430659392810398358823,2693212803436668619,198341,25822588,5
14902904848,-6100065124848843067,1605238260577554964519586749201286,2693212803436668619,198338,25822590,8
33453725007,-13688331699094764449,1604835581158007738113828059953267,2693212803436668619,198333,25822591,8
15665471889,-6407513782757211364,1604647086753612777501985790034942,2693212803436668619,198331,25822592,21
30740959075,-12569337304676669543,1604277325590513900996784661688942,2693212803436668619,198326,25822645,8
262261,-107208256457790,1604277322436692132932208781565722,2693212803436668619,198326,25822696,328
1451956,-593537675080912,1604277304976170884985086024162321,2693212803436668619,198326,25822703,10
228111,-93248064101264,1604277302233026055386691703510228,2693212803436668619,198326,25822708,105
-8309089465,3417315837194226688,1604377530262242241935185001134812,2693212803436668619,198328,25822761,106
-9765890756,4017006818961788416,1604495346904306877526130414894449,2693212803436668619,198329,25822763,1201
-43414884954,17865001399384301568,1605019317753801095414197230117788,2693212803436668619,198336,25822764,10
-4663649024,1919761580809398027,1605075623324891491755101659392353,2693212803436668619,198336,25822764,448
-22209311020,9144170578877784064,1605343816912959150850060875538928,2693212803436668619,198340,25822765,25
30022812420,-12286430045225631477,1604982453960151660214024468565869,2693777181032317382,198335,25822849,11
16147767752,-6605968315381888260,1604788162192094368079149106918032,2693777181032317382,198333,25822851,8
41691583597,-17048418148634957171,1604286741787614752236287197325527,2693777181032317382,198327,25822853,35
37434333518,-15298479255135927250,1603836789798570685266660757203466,2693777181032317382,198321,25822857,23
55906738360,-22831719227965005018,1603165273544661352122928784794004,2693777181032317382,198313,25822859,12
27989372169,-11423382420222563233,1602829294160314074316198399984159,2693777181032317382,198308,25822860,5
29805124913,-12159187897288598520,1602471673596315280908324719042530,2693777181032317382,198304,25822861,25
22678866079,-9248351452847845413,1602199665244230843530467811019024,2693777181032317382,198301,25822866,983
23970000,-9773209765440519,1602199377798982203632950730277345,2693777181032317382,198301,25822868,375
24725263660,-10079269120188679036,1601899675358733183514496967174467,2653325629787273625,198297,25822870,15
67048658050,-27313385770582164583,1601084099108930789908610153035910,2653325629787273625,198287,25822871,8
39262537656,-15981339779917230353,1600606897151106837018413285799474,2653325629787273625,198281,25822872,12
11311062148,-4602263268906764730,1600469473814103301512418884504598,2653325629787273625,198279,25822873,95
32044272895,-13033935896998544749,1600080281179827690205041159375634,2653325629787273625,198274,25822875,11
-47216140830,19323056146343763968,1600655535654740837436632862121005,2653325629787273625,198281,25822956,17
-10997514991,4502693311131906600,1600789582487538569179885844526700,2653325629787273625,198283,25822965,13
-4538352819,1858349681916025856,1600844906239763855464602365489063,2653325629787273625,198284,25822974,44
-49790370141,20396434027600986112,1601452115568235860895264415708771,2653325629787273625,198291,25822979,5
-9047695705,3708015238214039552,1601562504543078868532984531030993,2653325629787273625,198293,25822980,49
-2771840237,1136085000000000000,1601596326210582296186792516882903,2653325629787273625,198293,25822985,43
201264,-81998851135469,1601596323762100952317664702660416,2653325629787273625,198293,25822986,1477
135341,-55140202087231,1601596322115617443851044708500374,2653325629787273625,198293,25822986,1519
-26222175,10747825349986461,1601596642082323607697074716294096,2653325629787273625,198293,25823018,52
17146238574,-6984809937015069520,1601388076028233425829536728439499,2653325629787273625,198290,25823160,16
21061076372,-8577096018099425505,1601131964396252200623726326460475,2653325629787273625,198287,25823162,8
24974859285,-10167424112728507675,1600828365651751591569251552184602,2653325629787273625,198283,25823167,11
672574702,-273756123660697025,1600820191308425173828729499410377,2653325629787273625,198283,25823167,347
11862519310,-4827907250330790783,1600676030254109473486901719453051,2653325629787273625,198282,25823172,12
17144463985,-6976060922802991678,1600467725445119422689704125296888,2653325629787273625,198279,25823175,11
2397918213,-975565186204447444,1600438595120424951887092324339183,2653325629787273625,198279,25823176,163
57328,-23322800202915,1600438594424007375386143002567502,2653325629787273625,198279,25823237,32
205479,-83594994150020,1600438591927865285797299447866435,2653325629787273625,198279,25823262,36
-45956729,18809314608202282,1600439151888066015480525758779826,2653325629787273625,198279,25823279,257
-241885807,99000000000000000,1600442099154408621304673591555841,2653325629787273625,198279,25823290,201
5,-1632227751,1600442099154359883070625726688467,2653325629787273625,198279,25823290,314
320145,-130245245335781,1600442095265243768437972994757416,2653325629787273625,198279,25823326,2151
98061254104,-39864858753376069638,1599251732695226978911121242102814,2653325623197413197,198264,25823345,11
47584194314,-19323049037147157066,1598674747474867431094589541275577,2653325623197413197,198256,25823346,5
305932,-124188343747189,1598674743766610067295114149101394,2653325623197413197,198256,25823348,1821
59520,-24161056495381,1598674743045162200589021859873028,2653325623197413197,198256,25823353,533
65982,-26784363913383,1598674742249728994424077717437208,2667824174957404833,198256,25823403,417
71624,-29074617546912,1598674741386280591163524241668822,2667824174957404833,198256,25823433,10
62542866071,-25376353820552978016,1597921122799498595093828613732470,2667824174957404833,198247,25823451,8
14432107549,-5852335071869941174,1597747322082601858961655280321927,2667824174957404833,198245,25823452,26
11072666732,-4489191958684804307,1597614003540323454487273991675065,2667824174957404833,198243,25823453,20
50002390046,-20263144832507220270,1597012178952778082673229150064260,2667331507319356209,198236,25823454,36
91289138545,-36954978017390966762,1595914499494473552222378435866192,2667331507319356209,198222,25823456,11
40354303014,-16319736736038480889,1595429751816592184391470108627857,2667331507319356209,198216,25823458,28
-5658756090,2301656851698108928,1595497913188536472231627795461907,2667331507319356209,198217,25823550,34
-13505301388,5493975521170233344,1595660612032490998532260579259360,2667331507319356209,198219,25823553,11
-47694606556,19411201726597357568,1596235456253859642909320906953838,2667331507319356209,198226,25823554,5
-3916441967,1594571964535701303,1596282677981410586942737769681262,2667331507319356209,198227,25823554,302
885330,-358311515385336,1596282667338427930388064375025353,2667331507319356209,198227,25823554,473
297035,-120215896419189,1596282663767636466274348339903536,2667331507319356209,198227,25823563,448
-15313459422,6235751772647252992,1596467329607643884810650249392623,2667331507319356209,198229,25823580,8
-14625000641,5956753439064966144,1596643733178159172704997511127102,2667331507319356209,198231,25823587,55
-3427758875,1396314432621810705,1596685083698034841745271214288408,2667331507319356209,198232,25823589,399
-3998512386,1628905076118214700,1596733322167932436580798791359710,2667331507319356209,198232,25823590,494
-4676419530,1905194252540006144,1596789742678217317076634486563727,2667331507319356209,198233,25823592,369
-4801202434,1956171447939957557,1596847672829513093350667080795289,2667331507319356209,198234,25823600,133
-13996619127,5703503768024003000,1597016576652613880146875447657419,2667331507319356209,198236,25823601,14
-16447412596,6703723497706555392,1597215101028826486616942537789657,2667331507319356209,198238,25823603,15
-10998398752,4483715550738575000,1597347876388151574201759855081466,2667824174957404833,198240,25823606,2
-4292813152,1750252743741964288,1597399698881625292765780532456598,2667824174957404833,198241,25823622,27
-1078138447,439593177090764727,1597412714610143548347940580036918,2667824174957404833,198241,25823624,302
2,-406513624,1597412714610131475840371968367631,2667824174957404833,198241,25823624,758
-8996220201,3668339764160083500,1597521328931215833813039289757628,2667824174957404833,198242,25823707,89
-69045573773,28170953283920224256,1598355430776177497495118442776186,2667824174957404833,198252,25823708,12
97860,-39708735220566,1598355429596920574635451241747255,2667824174957404833,198252,25823711,69
-39422394841,16097738796574994432,1598832022247754506721948470914405,2668039636082923556,198258,25823759,8
451669,-183383810092576,1598832016802122398410932103453418,2668039636082923556,198258,25823766,183
-122410382,50000000000000000,1598833497111428123179676666278549,2668039636082923556,198258,25823769,31
-7745272686,3163838500442616832,1598927166302908433251120190829998,2668039636082923556,198260,25823776,20
-27465637715,11222328038782224384,1599259416635462539655654478787984,2668039636082923556,198264,25823777,5
-23353596038,9545836934950440960,1599542032460377306490012647565830,2668039636082923556,198267,25823778,45
-75374016952,30832335406973718528,1600454860320780715899046326074404,2668039636082923556,198279,25823779,8
-23986799310,9819372044658268697,1600745574477062341591950565077397,2668039636082923556,198282,25823782,1102
-14179993771,5806480492486452568,1600917482219193082269936164997921,2668039636082923556,198285,25823786,279
-23008963493,9424456403047540736,1601196504429489655396798470207848,2668039636082923556,198288,25823821,10
-12769739161,5231894499536474112,1601351400871774336885238740803155,2668039636082923556,198290,25823822,51
-7142812192,2926925674486128640,1601438055978036468116551265317943,2668039636082923556,198291,25823823,24
-6119552892,2507874453267733523,1601512304575851700968725934019838,2668039636082923556,198292,25823823,159
-20167599539,8266597767638206464,1601757047007894069700468426159304,2668039636082923556,198295,25823824,8
-8213178395,3367264612597857778,1601856738870711396045203117136135,2668039636082923556,198296,25823824,110
41945906,-17095144446763215,1601856231225748361888897254613807,2668039636082923556,198296,25823827,56
-20038469891,8217188569731829760,1602099510839881746496714363052184,2668039636082923556,198299,25823828,22
-4787935569,1963760813251757568,1602157035255561882046539856579795,2708491187327967313,198300,25823833,400
-13711684996,5624593319286644736,1602321070980350289176728977379918,2708491187327967313,198302,25823839,19
-28080388091,11522293609262956544,1602657107325758457089720358925606,2708491187327967313,198306,25823840,8
-1218257660,500000000000000000,1602671689333334536513178165158318,2708491187327967313,198306,25823841,404
77174,-31484255920952,1602671688412364309097840947200348,2708491187327967313,198306,25823865,100
297000000,-121165955054078604,1602668144093659070435622046332430,2708491187327967313,198306,25823892,322
33438755838,-13638455429112115404,1602269195125969332399372196904960,2708491187327967313,198301,25823896,8
18482056968,-7535245867207608089,1602047749518068892845706015801752,2668039636082923556,198299,25823922,21
65422,-26668944802901,1602047748726127324829765067431307,2668039636082923556,198299,25823937,295
25507984885,-10396313217982186920,1601739027378046914649197752552838,2668039636082923556,198295,25823944,11
50229891676,-20460534609081345823,1601131446238991211345161230225661,2668039636082923556,198287,25823945,8
24752001218,-10076718147284073557,1600832215353442760694669566233002,2668039636082923556,198283,25823946,8
67108,-27314768840827,1600832214542323272253397198989116,2668039636082923556,198283,25823951,768
1053879,-428961404496060,1600832201804197718145384733542220,2668039636082923556,198283,25823975,39
1100974,-448130644287417,1600832188496836375736142566742735,2668039636082923556,198283,25823975,60
461340,-187779332843643,1600832182920678024056412490320897,2668039636082923556,198283,25823976,31
248198,-101024141494763,1600832179920738670845690006709940,2668039636082923556,198283,25823978,12
227329,-92529969388751,1600832177173036068145646681610719,2668039636082923556,198283,25824000,209
13119812741,-5339642960994164121,1600673615023298707673725659601400,2668039636082923556,198281,25824009,24
2301827196,-936713400117775178,1600645799064161467326937728164913,2668039636082923556,198281,25824010,241
47499671626,-19322413274742049441,1600072014747618629644398574069275,2668039636082923556,198274,25824016,8
2859037740,-1162587280984340394,1600037491402167107566767265327606,2668039636082923556,198274,25824019,469
25319269086,-10293533875434078531,1599731822114612479502822260566219,2668039636082923556,198270,25824020,16
-116401556,47599151672915608,1599733231343955799936185081538015,2668039636082923556,198270,25824029,1567
9576857810,-3892447669190161582,1599617644051944789255827194442673,2668039636082923556,198268,25824035,126
56075097545,-22780051587690341482,1598941184225462375908866570375340,2668039636082923556,198260,25824037,8
9259216558,-3759628086069764543,1598829541047089792673947875782758,2668039636082923556,198258,25824042,42
2990469118,-1214143018503988602,1598793486739993058182086089630524,2668039636082923556,198258,25824045,1394
-2448327,1000000000000000,1598793516346179172677460980887026,2668039636082923556,198258,25824131,278
3000000,-1217985147716041,1598793480177779004199761919822110,2668039636082923556,198258,25824148,1389
-345213338,141000000000000000,1598797654650021148047621586988980,2668039636082923556,198258,25824150,32
33359262936,-13540359869928540466,1598395569981649684902961172869395,2668039636082923556,198253,25824158,12
-2449547,1000000000000000,1598395599587835799398336064125897,2668039636082923556,198253,25824225,438
10588912611,-4296563529602667253,1598268011965458497768585371351152,2668039636082923556,198251,25824265,18
-1224957702,500000000000000000,1598282815058515745456030999602465,2668039636082923556,198252,25824266,867
5298458143,-2149687901680654235,1598218979491710092011586501122663,2668039636082923556,198251,25824267,251
65553,-26594930759776,1598218978701986760744552565216110,2668108453767709991,198251,25824283,47
37206511420,-15090572811906466406,1597770871596937591223885319635476,2668108453767709991,198245,25824310,8
77484468486,-31399745165077998891,1596838383194985718352851375039132,2667615786129661367,198233,25824312,8
125101094165,-50618580108381968554,1595335011865456007153952621776264,2667615786129661367,198215,25824313,8
212041484084,-85579184894047530326,1592793310918911108809838429235984,2667615786129661367,198183,25824314,42
143784,-57937991382381,1592793309198153336697045182200108,2667615786129661367,198183,25824321,80
137287181968,-55263110705873165689,1591144396390485726198752258164565,2653011456661838045,198162,25824368,16
443149,-178198648840942,1591144391068853407295379300396887,2653011456661838045,198162,25824441,88
-37128456288,15024285611405871104,1591591722534186847282504961869377,2653011456661838045,198168,25824445,8
-4278211856,1731750708349275636,1591643283493688975388865772096590,2653011456661838045,198168,25824445,263
-8392342631,3397410012464207807,1591744437614325524245962676761900,2653011456661838045,198170,25824484,83
-5603012302,2268466445204039936,1591811978690503049653335615582319,2653011456661838045,198170,25824492,357
-45565960700,18455237248489934848,1592361462941200196885873101860664,2653011456661838045,198177,25824494,8
-9871849357,4000000000000000000,1592480558511373288591886275573709,2653011456661838045,198179,25824496,376
-22488630242,9114454828677016000,1592750746594564130423341368558897,2667447816581680350,198182,25824497,8
-17133840271,6946277142885064704,1592956444996089272048121288713719,2667447816581680350,198185,25824498,22
-29265746586,11868794746848407552,1593299559788093423059321483730143,2732385174006881850,198189,25824504,44
-46921995032,19040003451100561408,1593849986934507544729417953458312,2732385174006881850,198196,25824505,8
11680148,-4712801685717771,1593849850282244384482119539265913,2732385174006881850,198196,25824531,24
534347,-215602302589860,1593849843878454903820688412499554,2667447816581680350,198196,25824550,262
-28284143869,11483550123551373312,1594189903432034314602267970588024,2667447816581680350,198200,25824553,11
-3110034126,1262993530485172299,1594227304149715655442083490420057,2667447816581680350,198201,25824555,366
-38735778065,15735674570535270400,1594693280821751311033163767893428,2667447816581680350,198207,25824558,8
-13310233961,5409153588622956468,1594853460760428735607419436509170,2667447816581680350,198209,25824590,104
-123391936054,50197098672419872768,1596339935133063398704141941190631,2667447816581680350,198227,25824601,5
-20156705349,8208845967250274304,1596583021675551705771084282564926,2667447816581680350,198230,25824606,13
-3785557977,1541952551023678739,1596628683138296258578130780043735,2667447816581680350,198231,25824606,329
-8677904371,3535060589400201744,1596733366020590835385146143641175,2667447816581680350,198232,25824609,25
634994,-257140449816491,1596733358383041106986105060008674,2667447816581680350,198232,25824609,86
186365,-75468032113253,1596733356141500156969356316792948,2667447816581680350,198232,25824663,30
28419528462,-11506008543538949903,1596391606282660845879801644666311,2667447816581680350,198228,25824666,5
1782918,-721682485769512,1596391584847348443210973040185676,2667447816581680350,198228,25824669,332
473133,-191512680872442,1596391579159065542461039908287459,2667447816581680350,198228,25824669,360
205850,-83322974604960,1596391576684218187571237772342556,2667447816581680350,198228,25824695,25
19531742680,-7904819576845194587,1596156788837128151807970287710485,2667447816581680350,198225,25824717,15
11716471981,-4740734501875973663,1596015980203041004583322706744118,2667447816581680350,198223,25824720,23
18726969887,-7575594880484105378,1595790970941903001440984434580771,2667447816581680350,198220,25824721,8
342256,-138432726231800,1595790966830193500319100009262165,2667447816581680350,198220,25824728,297
189961,-76833775408069,1595790964548087433698461484266282,2667447816581680350,198220,25824728,691
2055778,-831503459782691,1595790939850887798408465146279225,2667447816581680350,198220,25824739,69
4460325442,-1804014175022206885,1595737357273808611797960620920431,2667447816581680350,198220,25824741,283
7579706072,-3065394683756719121,1595646309349022487888697822624684,2667447816581680350,198219,25824748,31
39928862024,-16142309590536153204,1595166852723987737569042133154949,2667447816581680350,198213,25824750,8
48254474350,-19495219786887431400,1594587808428565989572499682021366,2667447816581680350,198205,25824751,11
13501742252,-5452285316443292324,1594425865411559239156678425807036,2667447816581680350,198203,25824752,19
10802103376,-4361317422209228122,1594296326170583236982587851958663,2667447816581680350,198202,25824754,17
82079478933,-33116211552895035015,1593312713080025450567664952572441,2667447816581680350,198189,25824755,8
10332632213,-4165961729835059735,1593188976266541110365505486813324,2667447816581680350,198188,25824756,102
28525920533,-11497863306172978041,1592847468336404485376381668619323,2667447816581680350,198183,25824758,69
249861,-100689020481965,1592847465345753261177274503288768,2667447816581680350,198183,25824765,766
19372648179,-7805669207209029685,1592615622449094889428717614354870,2667447816581680350,198181,25824768,11
46735689456,-18821468889889435977,1592053997270541522465020785761443,2653011456661838045,198173,25824769,26
50017969265,-20128602620628887688,1591452887088522619429678545847283,2653011456661838045,198166,25824770,215
41928859751,-16861615438676430764,1590949340522647851287782057040137,2653011456661838045,198160,25824772,25
11895006047,-4781612498126543854,1590806544919134520761895555164595,2653011456661838045,198158,25824775,88
4679704247,-1880935056202677548,1590750373647074085913367649866034,2653011456661838045,198157,25824777,988
67506495859,-27118425347029908886,1589940523012946465724397953709644,2653011456661838045,198147,25824778,11
64961184588,-26069876439359397190,1589161985701289605836809237177976,2653011456661838045,198137,25824779,16
12178382160,-4884521874787269806,1589016116865356624705739260342460,2653011456661838045,198135,25824780,50
26142796070,-10482359855978742369,1588703077090078962774723634361050,2653011456661838045,198131,25824781,14
20894719098,-8375092741556295572,1588452967650432982634569101191287,2653011456661838045,198128,25824782,33
46043698647,-18446088076029181508,1587902103212900945632894554423081,2653011456661838045,198121,25824786,13
88610596072,-35463162176736616135,1586835098637342250510004614691312,2630259133396478727,198108,25824798,13
37913864155,-15159073134847697612,1586378479935920829636439937330174,2630259133396478727,198102,25824801,40
34243851058,-13684198059116129928,1585966287139424375956440280034785,2630259133396478727,198097,25824802,16
12828989931,-5124766522394361010,1585811919902474753929451562598400,2630259133396478727,198095,25824804,194
18095262145,-7226776211583250037,1585594236331728559171595920404730,2630259133396478727,198092,25824807,66
532515333,-212642696343190841,1585587831149102467642566224845444,2630259133396478727,198092,25824808,412
23233961241,-9276055141037027954,1585308419590418383372816015960422,2630259133396478727,198089,25824811,32
28588246612,-11409244452524980159,1584964752511318705443122555733585,2630259133396478727,198084,25824812,15
3392678320,-1353651032157469672,1584923978093847190297564647328653,2630259133396478727,198084,25824815,103
7008707072,-2796196524114613669,1584839751596989331214010451413767,2630259133396478727,198083,25824819,376
13950746854,-5564911010098778757,1584672126411969561097763284091567,2630259133396478727,198081,25824821,10
1900000000,-757813213992398680,1584649299707288142000054201173285,2630259133396478727,198080,25824821,902
-17985825364,7217748985243262976,1584866059126686120074240401785196,2630259133396478727,198083,25824832,50
-7957753956,3194093284452090368,1584961982358050404123902930956689,2630259133396478727,198084,25824834,27
-7706418574,3093580512160916992,1585054887045792783370060635766892,2630259133396478727,198085,25824835,14
-1546040557,620669314923847976,1585073526641131453875479177855381,2630259133396478727,198086,25824835,152
-4430324484,1778667093600812620,1585126942581101026971601371414925,2630259133396478727,198086,25824835,331
-4937681973,1982500000000000000,1585186479917441632380235863250019,2630259133396478727,198087,25824836,190
-83268079049,33454928819481379394,1586191179715361670681407363403940,2630259133396478727,198100,25824839,10
-248269506922,99999997059869494842,1589181994481874891724239476526646,2653110346816912876,198137,25824864,32
13127545826,-5265308645065129579,1589024759887573349588217314129044,2653110346816912876,198135,25824890,35
16185416481,-6490351585960894624,1588830942607849511365052831997204,2653110346816912876,198133,25824893,99
1795020,-719714789208968,1588830921115460266500130845631412,2653110346816912876,198133,25824974,22
-34814654822,14046801147596310528,1589249133474673346241952222387022,2653110346816912876,198138,25824975,317
-42019759981,16963724215428945920,1589754190750748518026071072320876,2653110346816912876,198145,25824976,23
2248149,-902445377610309,1589754163801590853574708911805417,2653110346816912876,198145,25824983,1447
8191106212,-3287847516522008914,1589655980882937036213424981321877,2653110346816912876,198143,25825015,326
12314103793,-4942023161665119135,1589508400359318248860425000471326,2653110346816912876,198141,25825017,10
206160,-82730367184347,1589508397888793423532254621339760,2653110346816912876,198141,25825019,709
22031606238,-8839662321741174504,1589244424622910088190434173556920,2653110346816912876,198138,25825022,40
2308068111,-925887985457475620,1589216775413419107335913628839048,2653110346816912876,198138,25825023,146
9465351109,-3796715154768170065,1589103396501131030886184957474111,2653110346816912876,198136,25825024,141
6298011265,-2525940524067217465,1589027965930901539447390342275816,2653110346816912876,198135,25825027,419
3121357399,-1251792524940667730,1588990584439506306278561181555150,2653110346816912876,198135,25825028,696
10760368626,-4314898349948495303,1588861731348977146406792910637129,2653110346816912876,198133,25825034,22
21809820968,-8743572713841879612,1588600627546506710956608573143120,2653110346816912876,198130,25825047,8
20311418204,-8140278015884003585,1588357539553454510413343856665138,2653110346816912876,198127,25825048,8
32673252944,-13089348016086745009,1587966660601484613689782229341070,2653110346816912876,198122,25825050,21
6686898816,-2678068185108291311,1587886687138771838417467634646293,2653110346816912876,198121,25825051,24
9606726609,-3846971920361888696,1587771807440360532091114757978132,2653110346816912876,198120,25825052,103
40564827977,-16237831835754752954,1587282772602018019473227758121135,2630259133396478727,198113,25825053,5
57045812769,-22818141550507121251,1586595448906765762892418052555204,2630259133396478727,198105,25825058,8
328637,-131396784546552,1586595444948856951655602408113566,2630259133396478727,198105,25825077,756
29746812,-11893473779168949,1586595086695914695604692791599117,2630259133396478727,198105,25825079,59
600149,-239953386928043,1586595079468084671559117268435037,2630259133396478727,198105,25825081,161
608899,-243451939627604,1586595072134871912281813497591317,2630259133396478727,198105,25825087,239
120379201873,-48086480366041621381,1585146620371010877324707963759094,2630259133396478727,198087,25825107,8
-30895132,12404370114125436,1585146992892148621607149088530885,2630259133396478727,198087,25825121,569
-29343716,11781483400252283,1585147346707099336401407138624111,2630259133396478727,198087,25825121,582
-6810217,2734298672445804,1585147428822034880954575401929010,2630259133396478727,198087,25825124,96
-6829289,2741956570963367,1585147511166948170628728943517355,2630259133396478727,198087,25825124,108
185935,-74205491809858,1585147508931744539961920132377652,2630259133396478727,198087,25825125,42
6310661945,-2518427701008500350,1585071649331843086853624031084544,2630259050075803673,198086,25825141,49
14658598238,-5848950616606085222,1584895468354544665103318824614580,2630259050075803673,198083,25825144,13
5567943718,-2221333362813002010,1584828557773755204931464105583437,2630259050075803673,198083,25825149,255
5515882595,-2200378628409058091,1584762278387487345614114101432250,2630259050075803673,198082,25825151,56
78530379524,-31307142479802188039,1583819250600100581788998160414267,2630259050075803673,198070,25825151,305
145042235173,-57725666117487606361,1582109816124411213307152903680512,2716362292884713304,198048,25825152,23
-133022069,53203848491330128,1582111363266129458988707130069809,2716362292884713304,198048,25825160,103
-108540682,43412287238819183,1582112625674067534872458177825664,2716362292884713304,198048,25825160,116
7535435263,-2995678077900209164,1582025250705633465991298172212405,2716362292884713304,198047,25825179,966
39472428232,-15686679998266906573,1581567717174312024613610615618609,2716362292884713304,198041,25825180,36
513650,-204069839292599,1581567711222205255172438194769448,2716362292884713304,198041,25825246,172
59686904062,-23702859456994820984,1580876369715208693611064512306563,2716362292884713304,198033,25825252,30
-85541464192,34181502376097914880,1581870348836619232633917089717480,2716368135105241804,198045,25825345,8
-18236584266,7292713652353083392,1582082416902823760551838861253035,2716368135105241804,198048,25825352,21
-79444056404,31792084245244037700,1583006913070903104376293137435477,2716368135105241804,198059,25825356,17
-58626288832,23485355932067893248,1583712182749094243391795923638536,2630368990851436069,198068,25825359,294
-147912569991,59346035906379907072,1585494355425832849466661918146448,2630368990851436069,198091,25825360,8
-91126210862,36628537709789790208,1586594317337328599219013773836827,2630368990851436069,198105,25825361,8
1173175568,-469058404842086865,1586580189039870423546722396757618,2630368990851436069,198105,25825362,1410
3725468013,-1489459172370542933,1586535325709372926776729526615615,2630368990851436069,198104,25825367,952
8244807343,-3296012262885317602,1586436048004943953305922508851056,2630368990851436069,198103,25825379,336
-6151404737,2473918872055855846,1586510340256328716143644917314751,2630368990851436069,198104,25825396,250
-30450272146,12249640786639239168,1586878199284760712063982148925061,2630368990851436069,198108,25825409,82
-13262940192,5337237583047824384,1587038477538303636051523454090434,2630368990851436069,198110,25825410,107
682088,-272866889452724,1587038469319402661506351192405147,2630368990851436069,198110,25825410,565
-38035169186,15311993845915336704,1587498286590348663242117056969721,2630396441922921512,198116,25825416,49
-66352695885,26733110486531870720,1588296442852189895266005950473666,2653247655343355661,198126,25825420,8
-80653373655,32530899741929979904,1589264928140805694207092513639246,2653247655343355661,198138,25825424,5
1414143,-567311696149365,1589264911200410715153292014378684,2653247655343355661,198138,25825425,151
10747588485,-4311262123144154851,1589136173358903095110492589112313,2653247655343355661,198137,25825440,45
3766792164,-1510836772268108104,1589091058527242085382641239423118,2653247655343355661,198136,25825441,438
581750383,-233328791600726429,1589084091137152068709674938200786,2653247655343355661,198136,25825477,771
666729237,-267409645271523482,1589076106064672766991166071330879,2653247655343355661,198136,25825479,577
29009232308,-11632329090824680286,1588728755127502901637114591266112,2653247655343355661,198132,25825481,22
20493316987,-8214491843895280219,1588483463628433994722637634776316,2653247655343355661,198129,25825489,17
16202000625,-6492575714734166282,1588289589964651728290222124824635,2653247655343355661,198126,25825499,28
50319282746,-20154183076505318349,1587687117394951119145196740974079,2630396441922921512,198119,25825500,8
41726833232,-16701044607499872524,1587184077984148969240704875001383,2630396441922921512,198112,25825501,25
29442494228,-11777906578847245949,1586829324654333570809358616459870,2630396441922921512,198108,25825502,5
2465764393,-986142947877008338,1586799621795672623466891144891883,2630396441922921512,198107,25825502,1074
3228224,-1291052117806956,1586799582908877700182089347232779,2630396441922921512,198107,25825505,173
554839,-221894606125871,1586799576225359719779369380166503,2630396441922921512,198107,25825521,477
10657288368,-4261786854194202335,1586671210198055327654995746715255,2630396441922921512,198106,25825536,54
8672014197,-3467378620727545925,1586566771934498119847824434551755,2630396441922921512,198104,25825541,106
15076705048,-6027114508447600595,1586385233821019573862904257363837,2630396441922921512,198102,25825543,12
40520011677,-16191583980854603225,1585897539484700935261519735890291,2630396441922921512,198096,25825544,17
27761773145,-11087713038598261380,1585563574947442284199088368042914,2630396441922921512,198092,25825545,8
638249,-254855071078708,1585563567271147309344504824985804,2630396441922921512,198092,25825546,21
23936453297,-9556178674131391874,1585275732910918344718441540609826,2630396441922921512,198088,25825548,25
44931142392,-17928547679478618209,1584735720817472815319758893516295,2630396441922921512,198081,25825549,8
50009351140,-19940510695060572335,1584135107922478647181178146755211,2630396441922921512,198074,25825550,8
2390602847,-952840027413301945,1584106408155653077050021256078773,2630396441922921512,198073,25825559,496
18880247796,-7524025294640888974,1583879782735505587391712914330808,2630396441922921512,198071,25825564,24
5277010796,-2102572788380958598,1583816454692754591524426696604691,2630477294725754043,198070,25825565,320
33885735199,-13497431000523653529,1583409921376926808400511809163007,2630477294725754043,198065,25825567,8
27830112735,-11080162672080012960,1583076194516547439909129235698492,2630477294725754043,198060,25825572,15
12241320910,-4872232513191111391,1582931898704231205500864571119039,2716476438979559778,198059,25825575,110
4666690625,-1857182582263920912,1582877732519929036336311976041104,2716476438979559778,198058,25825576,101
-126461822,50629105474517408,1582879204727523444824743132741614,2716476438979559778,198058,25825581,58
2513580724,-1000267988688702841,1582850031128360768197633592534153,2716476438979559778,198058,25825581,226
10508074346,-4181241042332150568,1582728081959187173054937823182848,2716476438979559778,198056,25825582,229
13462330246,-5355820118428128284,1582571875271490154116074894365050,2716476438979559778,198054,25825600,45
6205754814,-2468526151238314619,1582499878773278489604129340992851,2716476438979559778,198053,25825605,512
25591941343,-10177594015625331495,1582203041274118337542092700950047,2716476438979559778,198049,25825606,19
8278363332,-3291384000828703974,1582107045482374064555607213902803,2716476438979559778,198048,25825607,663
11836320385,-4705293942379186272,1581969811900004308985348036209577,2716476438979559778,198046,25825609,72
181416360560,-72016468177583217642,1579869395212193735185481645653172,2716476438979559778,198020,25825610,22
131526649750,-52092388574867979100,1578350079907800291770444191251590,2716476438979559778,198001,25825611,8
-64851108170,25827141711380545536,1579101088913647656398073201684897,2716476438979559778,198010,25825613,56
-66603482352,26550625583376371712,1579873135590234046988153795436126,2716476438979559778,198020,25825616,8
-107484431115,42902091306749763584,1581120654858959689768569910278443,2716476438979559778,198036,25825617,8
-5927852828,2368056306499538845,1581189513876825811115733579697331,2716476438979559778,198037,25825617,373
-3780182099,1510213360280382723,1581233428292404435060972773779975,2716476438979559778,198037,25825621,846
14850000,-5897315617067557,1581233256292576495285788717216686,2716476438979559778,198037,25825627,170
14850000,-5897314334098018,1581233084292785974321849052088033,2716476438979559778,198037,25825627,215
-15411746,6157286525237161,1581233263336122775239437177904856,2716476438979559778,198037,25825633,232
99000000,-39315405010395898,1581232116671549219110489033260139,2716476438979559778,198037,25825642,222
149412764,-59335480946050079,1581230386105784024537463989474039,2716476438979559778,198037,25825644,342
-107037348,42763344415583345,1581231629590531006978975398885000,2716476438979559778,198037,25825645,208
-14211493,5677752131391127,1581231794689829694176921186470750,2716476438979559778,198037,25825647,77
76080839735,-30196764003275695544,1580351082421714043449159103087776,2716476438979559778,198026,25825649,25
-24807459,9900000000000000,1580351370296742607401125277921355,2716476438979559778,198026,25825649,738
8086001966,-3207387557362290038,1580257824327046515755457800997225,2716476438979559778,198025,25825653,31
237958964,-94382874991748273,1580255071576589670731305882339858,2716476438979559778,198025,25825653,133
29767225352,-11804133303856420552,1579910794785405981911277505864966,2716476438979559778,198020,25825654,21
6911591302,-2740041905787915986,1579830879317599013359486813339648,2716476438979559778,198019,25825655,138
4410946833,-1748537661732326119,1579779881847479934996878991526298,2716476438979559778,198019,25825655,584
42616641931,-16887794988441184319,1579287336082439392075145698947180,2716476438979559778,198012,25825656,24
198000000,-78437340088445941,1579285048395994355775338039088669,2716476438979559778,198012,25825656,496
-49681913,19800000000000000,1579285624146051483679270388755827,2716476438979559778,198012,25825657,649
-301424303,120128558391002069,1579289117278594731769374511486963,2716476438979559778,198012,25825658,225
-24840833,9900000000000000,1579289405153623295721340686320542,2716476438979559778,198012,25825659,231
20308955156,-8044193201346930319,1579054789959798214844808661885868,2716476438979559778,198010,25825660,115
27514343,-10896560483409750,1579054472153079025923274826878351,2716476438979559778,198009,25825660,232
68362041500,-27060020393652830621,1578265245468605004734131720616403,2716476438979559778,198000,25825661,29
12824062,-5073661380238233,1578265097375406270703360559058152,2714350637241901552,197999,25825668,283
8727705144,-3452774598086325610,1578164315208259361876777600926837,2714339200342325941,197998,25825675,63
5096034459,-2015842478145267831,1578105475290447502472562192332651,2714339200342325941,197997,25825677,243
23374227857,-9244236644243668459,1577835647597918106755234874454171,2714339200342325941,197994,25825678,31
-49773230,19800000000000000,1577836223801314031567142310988596,2714339200342325941,197994,25825682,177
2589592797,-1023960224947774323,1577806335684493527536293222276952,2714339200342325941,197994,25825683,363
17442332258,-6895925008054034902,1577605052268200022231772883753828,2714339200342325941,197991,25825685,28
198000000,-78270323536175510,1577602767655461722582237523088712,2714339200342325941,197991,25825686,253
495000000,-195674817054571823,1577597056152564961055949148769519,2714339200342325941,197991,25825688,130
4064759929,-1606756830267478975,1577550156932580487028165817474186,2714339200342325941,197990,25825690,302
92363304,-36509132137093047,1577549091276728098514176570668085,2714339200342325941,197990,25825693,119
2907473387,-1149233480214742065,1577515546590446515152270058455717,2714339200342325941,197990,25825694,269
-381598215,151740154337860852,1577519962408235789420011033184901,2714339200342325941,197990,25825694,406
6998600441,-2766143391500078290,1577439222146247940945294431365100,2714339200342325941,197989,25825694,676
4981380431,-1968680096011292061,1577381758839316475273575994936459,2714339200342325941,197988,25825704,86
100000000,-39519305309547853,1577380605320278353285231216939382,2714339200342325941,197988,25825705,315
21476636,-8487409774856106,1577380357583414485037456871496400,2714339200342325941,197988,25825719,32
-124504850,49500000000000000,1577381798091904297067225462832464,2714339200342325941,197988,25825722,197
-124504623,49500000000000000,1577383238600394109096994054168528,2714339200342325941,197988,25825728,323
-149405247,59400000000000000,1577384967210581883532716363771805,2714339200342325941,197988,25825730,374
-124504122,49500000000000000,1577386407719071695562484955107869,2714339200342325941,197988,25825742,199
151449225,-59852011760666024,1577384660713791743203199190384214,2714339200342325941,197988,25825742,285
-37474827460,14903213916395988992,1577818361848580696976457576062287,2714339200342325941,197994,25825745,23
-35829357549,14256498996528390144,1578233242815035158170643208891606,2714339200342325941,197999,25825746,8
-19102613541,7603992698142444544,1578454379862254451546382625272438,2716465002079984167,198002,25825747,24
-77724297891,30960943480669462528,1579354674813164472324495049500225,2716465002079984167,198013,25825748,8
14777479,-5854578298722652,1579354504059084979852555930610713,2716465002079984167,198013,25825757,437
10166639,-4027843652147576,1579354386583376214950888839799082,2716465002079984167,198013,25825757,450
6836616,-2708546702954651,1579354307586158067522892217761589,2716465002079984167,198013,25825757,463
148500000,-58833015813890425,1579352591667957561309220699452732,2716465002079984167,198013,25825805,251
1176412,-466072356389439,1579352578074535092345120360616000,2716465002079984167,198013,25825808,210
-49677664,19800000000000000,1579353153827016251325831607574093,2716465002079984167,198013,25825820,164
652828,-258638350358204,1579353146283594473791121268274802,2716465002079984167,198013,25825832,51
99000000,-39221967067054116,1579352002339395473140824256945309,2716465002079984167,198013,25825835,129
944924,-374361029685389,1579351991420816924839676594743691,2716465002079984167,198013,25825852,52
198950066,-78820159465695802,1579349692559466321470099046347613,2716465002079984167,198013,25825860,204
68717874,-27224636215155806,1579348898528289481526158874918477,2716465002079984167,198013,25825872,193
1764479,-699050424703940,1579348878139850605375852879025951,2716465002079984167,198013,25825874,527
-84532697679,33712894592065475283,1580329195448357316500549067070533,2716465002079984167,198026,25825876,119
2424421,-961698668534940,1580329167399544487291714960659346,2716465002079984167,198026,25825876,589
995710,-394969524700596,1580329155879900513524359312417107,2716465002079984167,198026,25825876,1043
1357043,-538300051373364,1580329140179891892397283560637138,2716465002079984167,198026,25825881,259
10789168,-4279755795010782,1580329015356937284534096295705833,2716465002079984167,198026,25825891,95
52148155762,-20677794043649119641,1579725928762531573799319471057750,2716465002079984167,198018,25825905,8
30294807201,-12005255443889039640,1579375784612466911382228532005753,2716465002079984167,198014,25825907,131
12303143936,-4873982378130742261,1579233630501278096240605711192181,2716465002079984167,198012,25825909,135
45771100099,-18124862083569556023,1578705002480079170945438463068863,2716465002079984167,198005,25825910,8
98000267879,-38766267114601032535,1577573808090512607362895878783813,2714339200342325941,197991,25825912,79
3480784107,-1375882657406103775,1577533647798546230882237991133504,2714339200342325941,197990,25825912,977
15133360733,-5981093244915149705,1577359067175917584235257949941337,2714339200342325941,197988,25825918,31
27234045495,-10760260828305535648,1577044988635736111580965491469304,2714339200342325941,197984,25825919,15
650424023,-256932275742559736,1577037489104323411202350001283007,2714339200342325941,197984,25825929,162
219387538,-86662513882661396,1577034959534057128989390614829324,2714339200342325941,197984,25825929,229
107136587,-42321017287574013,1577033724236554515450876643800621,2714339200342325941,197984,25825931,247
33074518,-13065058693228292,1577033342883850595857376235856471,2714339200342325941,197984,25825940,169
565506054,-223384586939694715,1577026822567467511580227243032208,2714339200342325941,197984,25825947,199
7956623,-3142989276464646,1577026730827546006955396505900841,2714339200342325941,197984,25825956,109
22609633,-8931153208870870,1577026470138366930525269192484500,2714339200342325941,197984,25825956,128
80298525,-31719130029593723,1577025544296678287192071883316294,2714339200342325941,197984,25825959,110
48587462,-19192763022532132,1577024984083957763845653953839057,2714339200342325941,197984,25825960,912
9187862,-3629339145713670,1577024878148092555945567711226106,2714339200342325941,197984,25825962,319
36015464,-14226627896805407,1577024462890638035923864412889396,2714339200342325941,197984,25825967,176
-27263026926,10836360446556559360,1577339813784010318789342650899557,2714339200342325941,197988,25825968,23
-29081763144,11564040010451562496,1577676341012527116147559422671302,2714339200342325941,197992,25825970,5
2664016,-1053194254635333,1577676310271105574280529075568939,2714339200342325941,197992,25825972,725
114580088,-45298162386518936,1577674988074465337114826016796786,2714339200342325941,197992,25825973,178
3927885,-1552850996340958,1577674942748689147085738766147882,2714339200342325941,197992,25825973,309
7326032,-2896274903217612,1577674858210051275602902045402013,2714339200342325941,197992,25825974,44
25322764,-10011104969208079,1577674565998432570120041015896153,2714339200342325941,197992,25825975,38
-20861840146,8298500199917358080,1577916062159860606091931696881595,2714339200342325941,197995,25825981,50
-23454332983,9332785843718643712,1578187657255647964344910312521309,2714339200342325941,197999,25825982,34
-29909108924,11905886093981356032,1578533922188320744315889620675058,2716465002079984167,198003,25825985,17
-56184240994,22379327565795430400,1579184677409162981245406774580128,2716465002079984167,198011,25825987,8
-7620932668,3036993955917914085,1579272988358929878574978386271194,2716465002079984167,198012,25825987,387
-47756375453,19038979423875198976,1579826611573173864783815909508811,2716465002079984167,198019,25825988,5
-24705983959,9854746288401498050,1580113171907857673803991043014656,2716465002079984167,198023,25825988,392
-13401459639,5347082644946224128,1580268656559362214897673474704073,2716465002079984167,198025,25825991,79
-12526576341,4998962320000000000,1580414018425976369165609350649664,2716465002079984167,198027,25825998,117
-27605988183,11019928236845066240,1580734460396913614545867517879492,2716465002079984167,198031,25826006,38
-154802282739,61877811026045583360,1582533768640698073063312296798921,2716465002079984167,198054,25826011,8
-47054716655,18836716012503097344,1583083946235893516235078806076030,2630567194342835619,198060,25826012,20
-81926908012,32828457340186537984,1584069716735790966522876591545880,2630567194342835619,198073,25826013,25
-41607707368,16688042888361379840,1584570824058925286304467384594326,2630567194342835619,198079,25826015,83
-32797167020,13161749575681054720,1584966044106102515131545425791155,2630567194342835619,198084,25826018,143
-49928423888,20049261857203544000,1585568081864951347996852717281885,2630567194342835619,198092,25826020,34
-1255684852,504429256949197362,1585583228829538593636762219760565,2630567194342835619,198092,25826047,563
-56677512839,22778328399621673387,1586267214797585782917173086257152,2630567194342835619,198101,25826057,251
-50109673484,20155130322792644608,1586872431566924377367903668676489,2630567194342835619,198108,25826060,65
-18137427824,7299033913887139840,1587091606419872861499164002886211,2630567194342835619,198111,25826069,115
-40976275352,16497482648354222080,1587586991614150931874769755218704,2630567194342835619,198117,25826070,28
-8376209350,3373618519722167806,1587688294382666308016295871448578,2630567194342835619,198119,25826070,309
-42291166032,17039815296130131968,1588196216222290799705714714806945,2653319517608194937,198125,25826073,8
4537329,-1817793556632990,1588196161942946617242992077012343,2653319517608194937,198125,25826104,718
395175332,-158318916598913348,1588191434537607705026133097487711,2653319517608194937,198125,25826116,282
28464926885,-11401412445641650560,1587850988182714972763401826254296,2653319517608194937,198121,25826122,120
23522443568,-9418043140844135321,1587568095441193559487912603444681,2630567194342835619,198117,25826125,210
34041564603,-13623790784275601752,1587157770279137938531773066469494,2630567194342835619,198112,25826126,22
118356470992,-47312740567522505891,1585732791853671279700420391713825,2630567194342835619,198094,25826132,15
122242321,-48822182474177993,1585731321413449990632321414271644,2630567194342835619,198094,25826146,176
153808653,-61429285185449250,1585729471268963936660613104289473,2630567194342835619,198094,25826166,68
37221889188,-14861751346762269639,1585281860862554218773915780116334,2630567194342835619,198088,25826188,54
13099094,-5228657122455638,1585281703384388627656948060493239,2630567194342835619,198088,25826282,54
-20865736436,8380331907182710784,1585533347373865323323469049786949,2630567194342835619,198091,25826295,18
-27670226213,11117331998805405696,1585867177800571753901148868052589,2630567194342835619,198096,25826319,65
-45901211006,18452497369838428160,1586421268032961536219089997368998,2630567194342835619,198103,25826321,11
-81475582814,32785334637981663232,1587405743647532243135736406606017,2630567194342835619,198115,25826350,12
-21162249008,8522232847302586368,1587661648627990889496529475218135,2630567194342835619,198118,25826351,41
-22329387725,8995224971258032128,1587930307997244292618161429900735,2653319517608194937,198122,25826356,8
-34014610094,13708364641067708416,1588338411985013790721860644094339,2653319517608194937,198127,25826366,16
-227560947714,91891818330592755712,1591074071451771619903444945504869,2653319517608194937,198161,25826367,8
-50636906436,20490856606072229888,1591684093180307994421393272207851,2653319517608194937,198169,25826370,25
-42860731054,17356412480263348224,1592200801141617087835771498269117,2653319517608194937,198175,25826401,5
-21112002365,8553428454992468992,1592455440433245359194062353651125,2653319517608194937,198179,25826404,73
-47451566130,19234739846293422080,1593025416288294441597690710692283,2667603437141716052,198186,25826405,22
-31569717686,12804574064314261016,1593404572879632650928859117518848,2667603437141716052,198190,25826407,8
-24644584914,10000000000000000000,1593700683151972674108644426926597,2667603437141716052,198194,25826408,7
17183770372,-6931254848539282928,1593494823998426127149354669007645,2667603437141716052,198192,25826432,46
36875171871,-14867946595264827854,1593053244087146208536904681686061,2667603437141716052,198186,25826433,8
25002863604,-10076384501806497086,1592753974181526077078267194520701,2667603437141716052,198182,25826435,38
-1233453831,500000000000000000,1592768779695143078237256459991088,2667603437141716052,198182,25826438,432
52191070258,-21021661356281665515,1592142341705575818445491757471277,2653319517608194937,198175,25826440,12
3473206,-1398396275331112,1592142299949441049894201387014693,2653319517608194937,198175,25826461,15
-17302228074,7009198888702797824,1592350966854097180407887227293860,2653319517608194937,198177,25826473,40
-28147082574,11406414551210782720,1592689697368695552122217650086423,2667603437141716052,198181,25826474,25
9290129,-3743001643361330,1592689586201069074200666543671782,2667603437141716052,198181,25826478,41
-202211330827,82087255756168724480,1595120274166829499841222740732292,2667603437141716052,198212,25826503,5
-22793048746,9268504818422888448,1595394724115426301700161112466788,2667603437141716052,198215,25826506,337
-71285448009,29007922081057083392,1596253678486170300191706371752526,2667603437141716052,198226,25826509,15
11172254,-4521479519036876,1596253544197651567809897058602267,2667603437141716052,198226,25826517,92
-32412921521,13200000000000000000,1596644409757140398407213667020496,2667603437141716052,198231,25826530,19
198000000,-80170933950575372,1596642028670170904035685893493633,2667603437141716052,198231,25826595,766
99000000,-40085377305748876,1596640838129349353595913286019335,2667603437141716052,198231,25826595,775
198000000,-80170575273088756,1596638457053032626350175430728117,2667603437141716052,198231,25826612,237
-184115752,74998123559824502,1596640677824511855384361781625059,2667603437141716052,198231,25826627,159
198000000,-80170559174639429,1596638296748673254138076275160064,2667603437141716052,198231,25826630,115
99000000,-40085189918409672,1596637106213417131586443765250849,2667603437141716052,198231,25826630,124
990000000,-400848611355932377,1596625200958504822133639397404933,2667603437141716052,198231,25826662,398
-170629609,69503486494526634,1596627259028136269674095388662627,2667603437141716052,198231,25826685,226
60034512100,-24296724338779136435,1595905643214603033996473570498466,2667603437141716052,198222,25826694,8
198000000,-80096761070362854,1595903264330577547646297584321947,2667603437141716052,198222,25826695,606
198000000,-80096522283537090,1595900885453644060494511999193286,2667603437141716052,198222,25826696,538
16360268721,-6617360091854939495,1595704349014429299517695195399306,2667603437141716052,198219,25826702,31
61755153615,-24963887478007262278,1594962918370519728318956550647460,2667603437141716052,198210,25826704,5
17205573590,-6951045158371121736,1594756471442245598688861233782665,2667603437141716052,198207,25826719,49
132266734521,-53375682887609258247,1593171206848846933462375878799650,2667603437141716052,198188,25826724,5
35230303855,-14199148570410974525,1592749490324255073435739116808606,2667603437141716052,198182,25826763,9
-92985464,37692591169565062,1592750606440598715542048374909813,2667603437141716052,198182,25826784,609
20449195895,-8238365539845316780,1592505780030936352048198203374220,2653319517608194937,198179,25826788,554
-11627107266,4712132673418285929,1592645457021633847606576275599216,2667603437141716052,198181,25826891,426
-55633715919,22558180436672352256,1593313427916893690930934591804222,2667603437141716052,198189,25827025,16
-1232587792,500000000000000000,1593328233430510692089923857274609,2667603437141716052,198189,25827037,356
-40000000000,16231070044376111996,1593808852087631712354029714223119,2667603437141716052,198196,25827044,10
-11990224922,4867262217588480000,1593952976721711755351323703372402,2667603437141716052,198197,25827092,71
-19627992433,7969606154881528832,1594188964946608224796972609787615,2667603437141716052,198200,25827093,8
-194504936,78987166938337378,1594191303837759572592536084812451,2667603437141716052,198200,25827119,198
2540211,-1025384110978126,1594191273389367069059909712677507,2668098126188239717,198200,25827262,348
148500000,-59943599023911815,1594189493386915681964536579840263,2668098126188239717,198200,25827280,200
148500000,-59943465163394758,1594187713388439232183314874215607,2668098126188239717,198200,25827280,209
792000000,-319696220134550630,1594178220130363224975857934786180,2668098126188239717,198200,25827298,30
99000000,-39961759800069262,1594177033481053471475232270021418,2668098126188239717,198200,25827306,53
891000000,-359653161068997640,1594166353716762098828373453296623,2668098126188239717,198200,25827306,62
198000000,-79922270277891906,1594163980455240742384730035154817,2668098126188239717,198200,25827332,11
90031660,-36341005452174829,1594162901322858902265649049970153,2668098126188239717,198200,25827336,28
990000000,-399607240960037491,1594151035137309763676147952441846,2668098126188239717,198200,25827369,16
2580649,-1041654858002491,1594151004205763594683480170576537,2668098126188239717,198200,25827395,994
11723679,-4732152693386233,1594150863686283087591049184490321,2668098126188239717,198200,25827407,55
-982156199,398830433609582545,1594162671275476755387412939206078,2668098126188239717,198200,25827420,12
-123224897,50039137363288224,1594164152711013767587418187199296,2668098126188239717,198200,25827422,195
-316511819,128529471340475813,1594167957895044315384596612579236,2668098126188239717,198200,25827422,208
1987124,-802100832052456,1594167934076964143997682623033336,2668098126188239717,198200,25827428,256
1553038,-626882228244689,1594167915461933996050894901761414,2668098126188239717,198200,25827439,797
99000000,-39961243181293234,1594166728827965041280018670578689,2668098126188239717,198200,25827440,4
65424801,-26408617441782369,1594165944634080296970257994299397,2668098126188239717,198200,25827464,62
48696037193,-19648874766024367107,1593582478745811397985434132290354,2668098126188239717,198193,25827484,8
-757940597,307561816753331951,1593591584278583845426812834800847,2668098126188239717,198193,25827490,24
2456466,-990833516060521,1593591554856158161565575371972692,2668098126188239717,198193,25827499,108
1562077,-630075000314332,1593591536146319857231344205453605,2668098126188239717,198193,25827552,167
12177679382,-4911507447766898306,1593445690794365870815734103172035,2668098126188239717,198191,25827600,20
51664463144,-20827342047680160591,1592827230766866358974694170504320,2668098126188239717,198183,25827606,8
626079402,-252290389244218846,1592819739099388452373552016979678,2668098126188239717,198183,25827606,119
23966018087,-9655770852638795405,1592533028019470443480329939124025,2668222597229705023,198180,25827648,568
8603994904,-3465650861537183246,1592429540472410179100982600794112,2653238553577899160,198178,25827650,534
11706203878,-4714483603716403568,1592288761622117058913460767686656,2653238553577899160,198176,25827665,429
17776824561,-7157733700822367100,1592075025059259620653536767425359,2653238553577899160,198174,25827666,28
198000000,-79712713095980220,1592072644763760331759662505078330,2653238553577899160,198174,25827745,374
20301993,-8173354919059409,1592072400699806511714152248780305,2653238553577899160,198174,25827811,305
23865165502,-9606115714711409046,1591785553180592804927026308298848,2653238553577899160,198170,25827815,22
583393,-234782491647591,1591785546169769982879893055842028,2653238553577899160,198170,25827817,424
10976145117,-4416914151758829067,1591653653019131416237673002224639,2653238553577899160,198168,25827828,16
8635817634,-3474627741069777588,1591549897414127553907324659546433,2653238553577899160,198167,25827834,50
5683506664,-2286516031028018146,1591481619926054169577411886775245,2653238553577899160,198166,25827835,17
20882203792,-8399377995586993009,1591230806713666720380111285015256,2653238553577899160,198163,25827843,16
405524,-163086663684783,1591230801843747776641285732336368,2653238553577899160,198163,25827885,484
1222007,-491445865130126,1591230787168718719420961180437844,2653238553577899160,198163,25827940,35
851451,-342422002558598,1591230776943680329793947681571643,2653238553577899160,198163,25827975,18
279734,-112498399293080,1591230773584373851389474266263315,2653238553577899160,198163,25828033,46
183411,-73760845421340,1591230771390377779006307068386579,2663603787532633378,198163,25828085,30
-271652553,109907339071382600,1591234030746477409540317243628857,2663603787532633378,198163,25828150,33
-23713322381,9595858973772660736,1591518600655471812346465253379653,2663603787532633378,198167,25828201,16
312612,-125766461993708,1591518596914582969823935274518375,2663603787532633378,198167,25828239,438
595282,-239487065388455,1591518589791106037754759459577012,2663603787532633378,198167,25828264,1046
215568,-86724761862839,1591518587211501834216374470091121,2663603787532633378,198167,25828278,670
97414,-39190193499283,1591518586045800300805154563203087,2663603787532633378,198167,25828331,859
399247,-160620435064937,1591518581268189609605173009856462,2663603787532633378,198167,25828335,27
-107696538,43588427218599251,1591519873904398698165917693098869,2663603787532633378,198167,25828361,27
6248665078,-2513778263048614300,1591445102260927606018857868485889,2663603787532633378,198166,25828374,40
11019912849,-4432630117887178238,1591313254896469957521202150054593,2663603787532633378,198164,25828375,8
13370488508,-5377135415094470334,1591153313481563446582503349062127,2663603787532633378,198162,25828380,15
941866017,-378744293178601101,1591142047836668452322789726941536,2663603787532633378,198162,25828385,539
5837798783,-2347383024948340504,1591072225573817523709126639861012,2663603787532633378,198161,25828387,183
11938903188,-4800000000000000000,1590929450893195543402557698025416,2663603787532633378,198159,25828398,87
-122393197,49500000000000000,1590930918839997775831953455761457,2663603787532633378,198159,25828452,125
